iban,nome,sobrenome,email,genero,saldo
SE52 2153 4537 2779 9431 1118,Garner,Larrad,glarrad0@dyndns.org,Male,6442666.34 
PL16 3209 1347 4325 5001 4781 7829,Ludwig,Ivakhin,livakhin1@reference.com,Male,6262946.09
GB05 YBJM 3455 6366 4840 57,Terry,Franzke,tfranzke2@dagondesign.com,Male,4426051.35
GB66 RVWJ 3657 9783 2492 94,Morgan,Haborn,mhaborn3@unesco.org,Male,7518333.57
PK56 SFPJ ZFON 7WEW M2ZU J2US,Danni,Havis,dhavis4@vkontakte.ru,Female,464785.76
BR57 7110 2177 5990 1505 5377 144I 5,Ange,Flag,aflag5@blogtalkradio.com,Male,742181.38
FR37 5528 1217 81OC AWIY EPX9 C90,Cindelyn,Donoghue,cdonoghue6@imageshack.us,Female,3967776.93
GL23 7317 9923 6392 51,Vin,Crother,vcrother7@usa.gov,Male,247291.38
MR31 1072 6089 7089 5894 2197 787,Norrie,Braams,nbraams8@goo.gl,Female,43710.32
FO26 1357 2059 1626 04,Tome,Auchterlonie,tauchterlonie9@rambler.ru,Male,4265848.8
BA05 7379 9330 8744 1977,Giusto,Crepel,gcrepela@oracle.com,Male,7356110.77
RS30 9963 1998 6625 6617 21,Evanne,Cunnane,ecunnaneb@ucoz.com,Female,5685522.65
GT78 L5FW SUVM WU2I NZE6 IKCV HQF7,Shana,Bage,sbagec@si.edu,Female,6816968.45
GI17 ZJNY 8NET RE0T HBJM N9B,Dyna,Moon,dmoond@purevolume.com,Female,6056700.1
ME10 6455 5886 0336 2279 47,Chet,Leahair,cleahaire@ox.ac.uk,Male,5185127.97
LU61 812C GOVW YAXP C0UL,Norman,Dolle,ndollef@oracle.com,Male,7634608.26
TN11 2751 8413 4642 9265 8438,Paulina,Nurcombe,pnurcombeg@geocities.jp,Female,8879466.97
BA58 1345 7306 0062 7619,Rivy,Byng,rbyngh@xinhuanet.com,Female,695635.08
BE38 7069 6928 5838,Serena,Bourdas,sbourdasi@moonfruit.com,Female,543465.6
GL89 7357 5771 9509 37,Casey,Geard,cgeardj@youtu.be,Female,8416052.4
LV44 NRFW PLZT DWI8 EL0W R,Alvin,Thomkins,athomkinsk@vimeo.com,Male,2110919.58
CR11 2312 2904 0314 1671 4,Bertrand,Hawkridge,bhawkridgel@dell.com,Male,913576.46
SK95 2683 9814 7537 7230 2074,Garald,Huggill,ghuggillm@merriam-webster.com,Male,8825151.78
TN80 1527 4945 9377 0329 8760,Juana,Hedingham,jhedinghamn@t-online.de,Female,2416542.44
LB45 3554 KAQR 8DWY VH7Y LRXY K0CB,Bertine,Stang-Gjertsen,bstanggjertseno@sphinn.com,Female,7709664.38
FR72 7643 1372 335W B2QW AKKJ 569,Herculie,Bedham,hbedhamp@ed.gov,Male,4222064.4
PL97 6385 0425 2431 1778 0141 4946,Emmerich,Koschke,ekoschkeq@phpbb.com,Male,2004144.83
CR86 0876 6583 6931 6221 8,Deana,Goodspeed,dgoodspeedr@apache.org,Non-binary,9653939.58
FR14 5391 8734 33G1 RKZJ 8GKA T93,Keven,Palister,kpalisters@cnet.com,Male,6810948.44
KZ54 023S JMBQ QS4N 9UG3,Lester,Anespie,lanespiet@gnu.org,Non-binary,8762137.04
IL40 6077 4340 6731 8598 982,Kiley,Whife,kwhifeu@bing.com,Non-binary,3846765.16
SK39 0267 0111 9132 7564 9765,Vinson,Krollmann,vkrollmannv@flavors.me,Male,8548981.34
AL70 0120 4873 9GWW KAKB KMRT B5HC,Percival,Kindell,pkindellw@mediafire.com,Male,8107809.57
LU60 591J BVJT XDHW JTEC,Justina,Robens,jrobensx@aboutads.info,Female,5807704.7
ME87 6278 4757 3367 2903 24,Wendeline,Attenburrow,wattenburrowy@mayoclinic.com,Female,8267746.0
PK63 YIBM HNYV C43V JM1C JBWW,Dasya,Cottey,dcotteyz@creativecommons.org,Female,236280.57
LV44 JDGK 4V19 V9NG QAPL B,Mada,Halle,mhalle10@bbc.co.uk,Female,8724726.84
FR49 9445 8855 44PB E06J MOA6 G70,Jacquenetta,Jessop,jjessop11@behance.net,Female,4770165.88
ME24 6565 8515 8571 5702 63,Derek,Qualtro,dqualtro12@blogspot.com,Male,7295482.61
DE68 3784 5202 9994 1648 87,Mitch,Killner,mkillner13@sogou.com,Male,1080328.17
RO35 PQXZ OBEA QP92 SLBK A1PD,Marita,Alessandretti,malessandretti14@aol.com,Female,6855365.59
CZ86 1854 6486 4307 6046 3864,Farrel,Clifton,fclifton15@elpais.com,Male,9473094.52
GL38 2803 7923 6119 15,Morganica,Pedron,mpedron16@slideshare.net,Female,729731.56
PS41 NNHW KVOI EUT3 IXYD WUKN LXML 4,Audre,Roblou,aroblou17@craigslist.org,Female,9700258.58
SI09 3817 8874 8567 443,Lucina,Rebichon,lrebichon18@barnesandnoble.com,Female,8792695.35
FR84 2542 5378 32WV 6BPV KGOZ A66,Ambrosi,Sibthorpe,asibthorpe19@prnewswire.com,Male,6032529.03
FR30 1339 1848 89NH WZWX AWNQ L57,Ashley,Jentzsch,ajentzsch1a@studiopress.com,Female,1411919.13
FR74 7461 3673 33ZL 9RCX 5EVN N66,Nathalia,Lakenton,nlakenton1b@quantcast.com,Female,299959.09
LT91 9273 5322 0690 1457,Desirae,Balharrie,dbalharrie1c@msn.com,Female,9704383.6
FO55 9640 1578 5040 74,Tailor,Paley,tpaley1d@blogs.com,Male,1494777.03
BE92 3691 6906 8440,Carlyle,Fyall,cfyall1e@usatoday.com,Male,7758099.89
NL48 QGVW 0914 8598 33,Cammi,Lowde,clowde1f@nydailynews.com,Female,2712584.56
RS05 0763 9789 4340 3180 32,Bret,Breinlein,bbreinlein1g@msu.edu,Male,9506713.25
SA21 17BQ Q6HT 4XZZ ID0I BOSR,Danyette,Mawd,dmawd1h@plala.or.jp,Female,5246447.08
FO59 5658 0406 1970 70,Jeddy,Haizelden,jhaizelden1i@huffingtonpost.com,Male,3483017.8
FR28 8532 6721 04HY IRYH R62W Y85,Elnore,Cotelard,ecotelard1j@mail.ru,Female,3328329.53
NO69 8949 8303 299,Sydel,Fridaye,sfridaye1k@dion.ne.jp,Female,4954600.93
HU89 7769 8949 2253 0171 5768 6064,Bryna,Mantrup,bmantrup1l@opensource.org,Female,8475264.68
FO61 1554 5003 0072 61,Leland,Kaveney,lkaveney1m@xinhuanet.com,Male,9850788.63
PL60 1455 5886 8592 9910 4898 5989,Kary,Hourstan,khourstan1n@friendfeed.com,Female,6416638.93
EE79 5713 5713 5541 8317,Reggie,Loosley,rloosley1o@si.edu,Female,9657395.74
ES49 9250 3687 9151 6753 9226,Muffin,Duffil,mduffil1p@merriam-webster.com,Female,6852287.64
CR51 1478 0929 7787 6697 0,Theo,Nussgen,tnussgen1q@sogou.com,Female,1858125.76
GR43 7958 947E NVEF ADHF 4EV8 2HG,Roze,Metrick,rmetrick1r@bravesites.com,Female,3504306.47
GE73 DW18 8750 0711 8114 92,Bobine,Fendley,bfendley1s@imageshack.us,Female,9593146.2
CZ41 1110 4237 8696 5536 2550,Bill,Shirtliff,bshirtliff1t@epa.gov,Male,3567403.61
KW62 BNIE VWYY 9YVB HSDJ BGKV ITYN 29,Ced,Megarry,cmegarry1u@jiathis.com,Non-binary,7906032.63
NL21 BZJF 2303 4805 98,Jolyn,Karlolak,jkarlolak1v@youku.com,Female,2572552.14
BG48 GWOS 6522 80WO B6AT ZD,Kamillah,Erangey,kerangey1w@upenn.edu,Female,7762670.58
PL21 3138 1512 8214 4256 1616 3772,Ashli,Slayton,aslayton1x@tmall.com,Female,3866618.03
FR82 0072 4628 14PT 23CE 0CSQ 954,Julienne,Lorente,jlorente1y@unesco.org,Female,9297894.81
FR50 8497 4209 46LC U8UQ 7IJZ G68,El,Shellum,eshellum1z@addthis.com,Male,7466043.25
AZ66 HQWD WRYU 7O3K 2QD1 N846 IZR0,Barby,Wishart,bwishart20@stanford.edu,Female,5907923.26
LT27 3225 7799 5628 6871,Michel,Towler,mtowler21@auda.org.au,Male,5220800.38
LV08 UPAZ H2KC S7XH 9UPD M,Rivkah,Horrigan,rhorrigan22@github.io,Female,2309664.44
HU47 0741 9158 4830 2153 2650 6665,Thayne,Bradtke,tbradtke23@bigcartel.com,Male,2612298.25
AT61 5237 2963 6133 9626,Shirline,Barbrook,sbarbrook24@comcast.net,Non-binary,5211280.61
CH55 4379 150B 67B7 48NB 6,Granville,Girardez,ggirardez25@miibeian.gov.cn,Male,2416980.34
LT07 8349 5222 7982 1729,Misha,McDill,mmcdill26@spotify.com,Female,3877458.33
LU19 543L 0NBH EEOS 2TJW,Pavel,O'Towey,potowey27@mit.edu,Male,913200.55
GT39 FYTM LLIC BBMP XTHP D6ZA IZLH,Hendrick,Illing,hilling28@w3.org,Non-binary,4340222.08
IS90 0006 5103 9493 5955 4675 48,Delmar,Beswetherick,dbeswetherick29@smh.com.au,Male,892350.04
CH56 1832 6MAL SKSB CGSE 5,Adi,Roback,aroback2a@cocolog-nifty.com,Female,4378511.92
NL02 ZPZU 0499 3618 67,Abba,Rojel,arojel2b@blogtalkradio.com,Male,5014809.31
IT83 H732 4471 009U ASUW EFTE SUU,Rowen,Jerman,rjerman2c@wufoo.com,Male,9373804.53
LV60 CIGO B6UU FZOO WDXB X,Philly,Ludwell,pludwell2d@opera.com,Non-binary,9903753.3
VG96 KRXK 4952 9255 4959 9415,Fionnula,Hrus,fhrus2e@hp.com,Female,2629145.0
IT67 K897 0330 418D YNPR PK2C FDR,Sherie,Orrick,sorrick2f@unblog.fr,Female,2505051.85
FR77 0626 7737 37CV V9QK 7BWU F47,Elvis,Penbarthy,epenbarthy2g@google.com.hk,Male,5305151.96
MC22 3062 9749 60D5 MG2X XMTP S48,Trudie,Aggis,taggis2h@yahoo.co.jp,Female,7208361.68
IL21 4367 0241 7205 9099 961,Harwell,Bryson,hbryson2i@microsoft.com,Male,4636174.24
IL57 7302 8626 2001 1178 249,Kelly,Josland,kjosland2j@europa.eu,Female,8412080.88
CY48 5056 3134 CPK3 VRKA 011J KFLN,Anett,Donaway,adonaway2k@wordpress.org,Non-binary,5613579.74
IL66 0842 2039 4684 5615 478,Quint,Simons,qsimons2l@diigo.com,Male,9736562.36
FO42 0322 3587 0301 55,Isabelita,Caudelier,icaudelier2m@discovery.com,Female,2099740.67
MT66 LZBL 2552 1Y6D UTYN 163E YUEP QSH,Marcia,Missen,mmissen2n@desdev.cn,Female,7966137.94
BH05 ISVJ RDDT DA3F T0HF 55,Florance,Kivits,fkivits2o@discovery.com,Female,3039394.84
FR60 3517 1233 94WP FWIF VAUA 620,Ced,Grebert,cgrebert2p@deliciousdays.com,Non-binary,3115594.3
DK14 4505 6073 0613 62,Kendricks,Treadway,ktreadway2q@cbsnews.com,Male,4761250.25
TR47 9890 2Z0V OA3P RQC1 K056 GV,Leila,Dreschler,ldreschler2r@mtv.com,Female,1887000.16
LU03 086X YUVK LQLJ MVRA,Jorry,Ranyard,jranyard2s@intel.com,Female,459738.63
FR83 0341 9894 09AE WIJK TQO8 D59,Herrick,Brotherwood,hbrotherwood2t@123-reg.co.uk,Male,5138214.46
GI45 GMST BPO2 NQQL OCH6 XO7,Wakefield,Burnsell,wburnsell2u@foxnews.com,Male,7649029.19
VG84 UJXC 4064 0302 8287 8149,Margit,Lidgett,mlidgett2v@telegraph.co.uk,Female,9957098.31
MD83 TAKU WVMI GZDJ DM3N QPKR,Lyell,Jillett,ljillett2w@taobao.com,Male,1148716.69
AZ02 MSAR GHEG TSRW UOFR P78T DZ1J,Magda,Yarnell,myarnell2x@foxnews.com,Female,505788.97
CR82 6344 2327 6201 1112 7,Dacey,Mayhou,dmayhou2y@cnn.com,Female,4248215.06
AD14 5236 7313 Q8TS 2RLM H2SR,Malachi,Pettegre,mpettegre2z@myspace.com,Male,4847514.62
DO84 J7XM 1434 9982 7522 6373 2196,Clark,Phillcox,cphillcox30@yale.edu,Male,712567.78
MR30 9906 4401 7190 6595 5432 214,Cooper,Kedge,ckedge31@freewebs.com,Male,7586760.24
FR19 8556 1130 44WZ SCH7 FFKN P00,Natalina,Balcock,nbalcock32@kickstarter.com,Female,6672812.24
AE21 6254 8832 5704 3778 061,Donal,Dawes,ddawes33@wordpress.org,Male,6907343.5
BA23 8764 8165 5578 0748,Dolf,Reeve,dreeve34@sciencedirect.com,Male,2599473.18
RO41 HJJS ZILY DNSO BP1J GYHA,Nicki,Fortnum,nfortnum35@creativecommons.org,Female,3045689.46
HU25 7936 7474 6411 2662 4666 6628,Huntington,Kensley,hkensley36@nasa.gov,Male,6618092.25
FR07 0212 0898 77AU JTQ7 INCW 020,Benedicto,Poyle,bpoyle37@behance.net,Male,8676029.49
GT14 PURW HAGY XLOB FGAZ 8CVC 8XRC,Cordie,Lettington,clettington38@stumbleupon.com,Male,1795268.36
PS94 PKZV S4ZS S0ML N4HM BMBK HSEP V,Stanleigh,Lulham,slulham39@etsy.com,Male,3889764.03
AE49 0741 9746 1635 5538 354,Camala,Fearney,cfearney3a@webmd.com,Female,3055467.63
FO16 1998 8352 0354 75,Sollie,MacNulty,smacnulty3b@yandex.ru,Male,4577814.41
CH86 2631 1179 KTR0 XVLX M,Shalom,Grcic,sgrcic3c@go.com,Male,1031641.16
SE12 8009 3620 0246 8292 8195,Cecilio,Keen,ckeen3d@patch.com,Male,2844695.23
IT45 D433 9102 947R 4EZK 4XIP 5JC,Claudina,Chaff,cchaff3e@marriott.com,Female,1693808.65
AL63 4800 7551 UXPT 2ROM 7XVU KPDN,Allsun,Buret,aburet3f@zimbio.com,Female,498365.91
FR09 9479 2235 81VY Z83I EMJX S16,Simonne,Edgson,sedgson3g@economist.com,Female,2513928.7
FR75 5415 2846 58CG 7KCP ZWTN Q35,Ferrel,Yushkin,fyushkin3h@sitemeter.com,Non-binary,1477823.53
ME13 6276 4844 3645 7579 12,Alfonso,Frenzel;,afrenzel3i@statcounter.com,Non-binary,8170000.18
HU16 4284 4731 6872 3725 3949 2998,Yolande,Kach,ykach3j@seattletimes.com,Female,1971371.39
AT24 5898 9186 5872 6797,Kissiah,Baumber,kbaumber3k@livejournal.com,Female,9957636.48
SI09 5992 1855 3521 339,Mona,Lambart,mlambart3l@linkedin.com,Female,829895.49
DK43 0657 2222 3781 04,Kellen,Rodger,krodger3m@washington.edu,Female,7871052.82
MK51 975F UG8W XSLV B42,Inge,Carmel,icarmel3n@youtu.be,Female,6122806.3
FR03 0694 2020 48XS SBKP GF95 K58,Chad,Menego,cmenego3o@netlog.com,Non-binary,8147257.82
ME66 2910 9250 8082 2334 88,Zarah,MacFadzean,zmacfadzean3p@eventbrite.com,Female,610550.94
AL97 2993 1610 GEEQ TTPA BWHF OXBK,Lora,Sausman,lsausman3q@columbia.edu,Female,7000541.15
CR07 7006 4725 2346 2983 0,Belicia,Morigan,bmorigan3r@1und1.de,Female,6308668.92
FR88 2778 7151 83CQ 9THT HV6J Y09,Nikolaus,Simonetti,nsimonetti3s@va.gov,Male,5544841.49
GL26 1200 7431 8111 47,Liam,Nadin,lnadin3t@reddit.com,Male,8104701.08
HR02 5435 7202 0292 2537 4,Sadella,McCrackem,smccrackem3u@symantec.com,Female,8044081.88
FR85 8708 4136 21AI RO2B 2TGB X06,Tatiana,Seamer,tseamer3v@163.com,Female,1887499.44
FR55 5956 3903 61OZ QZNJ NDLV C51,Ethe,Rustan,erustan3w@utexas.edu,Male,8364591.62
GE47 SZ96 2980 8108 9585 74,Bald,Dillicate,bdillicate3x@geocities.com,Male,3229120.34
IT53 A850 3251 086L SKKO YS7N YPQ,Karita,Stockings,kstockings3y@google.co.uk,Non-binary,1774010.13
DE76 0488 9225 7282 7972 37,Ardeen,Garrud,agarrud3z@wikia.com,Female,2508016.19
KW03 PCKS MIMH BWN6 LCPH FFYG IFHO 5O,Viviene,Marrison,vmarrison40@quantcast.com,Female,1782325.46
MT06 QTRJ 6126 2DM1 LJYM HVJL PTON OGH,Pamella,Kuzemka,pkuzemka41@flavors.me,Female,4058058.93
PS14 TJRW TKYV UUTI EEDD NRJU X5Q7 H,Eddie,Gulliford,egulliford42@auda.org.au,Female,443280.51
NL70 TJIB 4569 3676 84,Toby,Hulks,thulks43@cmu.edu,Female,7681274.7
AL36 9809 3111 P2DI TTRH OBAT 9VA1,Casper,Ewing,cewing44@flavors.me,Male,2551484.91
NO08 1830 7920 158,Teena,Ungaretti,tungaretti45@fotki.com,Female,7331098.06
SM46 X941 3759 265P RQLK GPMC AV6,Carmelita,Aspey,caspey46@nbcnews.com,Female,8922114.62
NL14 HMCU 9480 8627 66,Welch,Rostron,wrostron47@pen.io,Male,7675826.04
ES75 2679 5497 6787 1442 3410,Krystyna,Croot,kcroot48@mayoclinic.com,Female,278928.35
DE53 6933 9168 7958 4155 81,Carie,Chaudret,cchaudret49@cbslocal.com,Female,7734393.02
BE45 7052 3345 8975,Dion,Porson,dporson4a@miibeian.gov.cn,Male,1958607.51
BG26 LOGJ 1957 00P9 GYE4 BM,Trina,Terrelly,tterrelly4b@360.cn,Female,7274740.06
GI61 YEOZ LX5U 7ZGT KYUD DOE,Tam,Dalling,tdalling4c@taobao.com,Male,4108981.19
TN43 1091 2701 6183 2657 5501,Rodney,Carden,rcarden4d@canalblog.com,Male,5908065.47
TN93 3479 2126 2653 7737 9493,Eadmund,Yates,eyates4e@theglobeandmail.com,Non-binary,5831704.36
MR86 0095 5109 9485 8512 7327 238,Chadd,Buse,cbuse4f@reference.com,Male,5616563.66
LU98 317D FBUL GJKU B2MX,Atalanta,Ilewicz,ailewicz4g@businesswire.com,Female,5604452.23
BA36 4766 6098 3087 8953,Hayyim,Zamora,hzamora4h@vistaprint.com,Male,304483.99
BE39 0530 1325 8077,Blancha,Jeskin,bjeskin4i@free.fr,Female,1709429.77
GB77 JSRV 4253 2285 2977 33,Gardy,Lenthall,glenthall4j@soundcloud.com,Male,7332053.13
AT15 2256 8669 9841 0342,Alie,Rizziello,arizziello4k@merriam-webster.com,Female,563246.48
BR41 4602 1831 9408 2584 1025 733E I,Hedi,Ivetts,hivetts4l@icq.com,Female,7081374.94
RO39 HPXF NIBW AR1E GMBD BNY0,Sonny,Szymaniak,sszymaniak4m@usnews.com,Male,5978992.7
VG33 UHLD 6539 8699 1415 6039,Allegra,Creddon,acreddon4n@bandcamp.com,Female,7975941.88
FR45 6717 7880 716T TA1R TYAA V24,Berna,Brim,bbrim4o@tripod.com,Female,8531962.84
AT50 9556 5341 5521 8441,Gusella,Taill,gtaill4p@furl.net,Female,12983.05
GB48 TPNJ 8773 6234 9007 06,Mohandas,Brewerton,mbrewerton4q@ow.ly,Male,7611944.71
SE84 6817 8099 3013 8334 4246,Leontine,Kares,lkares4r@msn.com,Female,1505031.07
MR28 6888 3361 2880 4362 2817 434,Lonnard,Shew,lshew4s@umn.edu,Male,9069356.08
PT33 9439 8059 7869 9552 0963 1,Loria,Alexsandrev,lalexsandrev4t@eventbrite.com,Female,3120337.36
IS76 1458 1179 5331 2677 2306 04,Glynda,Boule,gboule4u@imgur.com,Female,7353987.15
DO74 7ZBW 9810 7521 6914 3244 6743,Vassily,Alp,valp4v@java.com,Male,4294387.08
BA46 2161 0454 6625 7080,Dorie,Prestedge,dprestedge4w@github.com,Male,9695322.03
FR87 5879 1123 68UI KFEG PUI1 D84,Gladi,Loweth,gloweth4x@illinois.edu,Female,5814018.17
BE38 1226 4868 6550,Conn,Karlmann,ckarlmann4y@reuters.com,Male,1077058.91
FR37 1276 6424 59YO 7IE2 5DKR O38,Danika,Canellas,dcanellas4z@delicious.com,Female,1580743.0
PK58 IYBO TQAV QBT8 C93H ZMX8,Erv,Collins,ecollins50@list-manage.com,Male,149535.42
VG80 CBTE 8761 5459 1267 3264,Bradley,Riply,briply51@tinyurl.com,Male,4359113.75
TR64 4916 4WIJ 2CHO 7L5X OYVI 3C,Dale,Aldwich,daldwich52@va.gov,Female,7040004.77
HR48 7286 7125 7127 0049 0,Ninnette,Thomton,nthomton53@omniture.com,Non-binary,9259656.82
FR45 5338 4059 24JQ P0PE DUF6 J43,Selig,Winder,swinder54@wiley.com,Male,3817678.52
LT13 6852 7554 6668 5717,Llewellyn,Astill,lastill55@dmoz.org,Male,7871863.09
EE49 3517 7008 6132 9510,Earl,Leander,eleander56@ucoz.ru,Male,6119016.39
GI37 TJSE HLOQ CPC8 MF5G M1P,Ive,Gager,igager57@wikimedia.org,Male,7087952.04
AL14 9619 4294 ICYI GX0G JAYE LAJB,Randy,Fagence,rfagence58@spiegel.de,Male,4674716.09
MR54 3032 6208 1184 0067 9562 598,Tonnie,Labes,tlabes59@nifty.com,Male,1847574.68
BA88 3480 4770 5041 6517,Linette,Muzzollo,lmuzzollo5a@cbsnews.com,Female,9607442.87
SK83 2327 7291 7346 5441 8454,Starr,World,sworld5b@imgur.com,Female,5062095.74
DK80 6776 4578 3479 66,Astrid,Valde,avalde5c@theguardian.com,Female,7810697.3
FR77 1589 7458 7114 XMTG TEKR O41,Monah,Abbotts,mabbotts5d@lulu.com,Female,7267167.29
FO89 0915 4427 2227 88,Ariana,Gerckens,agerckens5e@ibm.com,Female,8525171.75
GL46 4800 9368 9654 32,Les,Gorini,lgorini5f@dedecms.com,Male,3788681.71
GT15 SH6X MZOL 6BV2 49IO KFMB LBLI,Fanchon,Larret,flarret5g@google.ca,Female,4154506.27
SK16 6569 7364 4674 5107 4833,Riane,Elmar,relmar5h@ihg.com,Non-binary,2169745.22
LT07 7328 1974 1044 6314,Lazare,Muncaster,lmuncaster5i@hc360.com,Male,7512585.04
PK64 JJKP X7NE I2BW SI3C CMTV,Rayna,Puckrin,rpuckrin5j@feedburner.com,Female,7200464.33
AL20 6872 3416 JOLT ORY3 C5KX YPCH,Lila,Wiffler,lwiffler5k@discovery.com,Female,4820150.09
SE76 0587 7657 4046 1588 8678,Keefe,Boulsher,kboulsher5l@engadget.com,Male,6459759.23
LT82 0084 4599 2356 3730,Dewey,Duferie,dduferie5m@barnesandnoble.com,Male,9003421.5
MD78 FYJG Q1IV KZKV QBLO P9JS,Dulciana,Narrie,dnarrie5n@google.nl,Female,836393.23
MK40 619I R6KJ QQLA H97,Mab,Paddy,mpaddy5o@webeden.co.uk,Female,3932887.62
ES47 4333 2464 5846 1067 0013,Consuela,Dagg,cdagg5p@macromedia.com,Female,4256575.15
FI52 8102 5675 8141 27,Julieta,Weight,jweight5q@digg.com,Female,5602346.33
AL30 8379 5306 VQ8T FUQL GBAJ DVJ9,Kori,Simonsson,ksimonsson5r@webeden.co.uk,Female,2537872.74
FR08 6725 5142 08KV OASW HRAI 537,Ruy,Bottjer,rbottjer5s@mit.edu,Male,1936560.08
CZ10 9172 4536 3584 0474 6047,Jephthah,Mahady,jmahady5t@youtu.be,Male,7259808.29
FR18 8755 1467 15IP DN3M IL7R 110,Seana,Cronin,scronin5u@newsvine.com,Female,3684921.96
MD48 COXD PZOL CI6S LAXN GTTO,Elwyn,Balasin,ebalasin5v@cdc.gov,Male,5849397.26
MT03 RVPZ 0220 1M7J LY1G WAAY SJ4P JII,Mariele,Issac,missac5w@about.com,Female,9954576.97
FR50 2746 4156 28ET IQXL ZFWA Q40,Danny,Root,droot5x@ask.com,Male,8385865.93
CY84 8708 4571 HZS0 SIOD 5NKQ OYOJ,Robb,Awmack,rawmack5y@google.com.hk,Male,229382.78
DO18 MGKL 6103 9105 1427 8562 9719,Decca,Bartunek,dbartunek5z@blogs.com,Male,5658907.86
NL06 MCUC 5438 8488 62,Nels,Folonin,nfolonin60@last.fm,Male,9944139.74
DE09 5160 8964 9022 9516 81,Harley,Dutch,hdutch61@blogger.com,Male,6338662.95
CH33 2759 7GMW QS4B LDDU G,Glenda,Deane,gdeane62@cmu.edu,Female,9146810.23
TR89 1243 08VD D2FI X2KG DHTD PJ,Quillan,Erdis,qerdis63@slideshare.net,Non-binary,4010319.67
TN42 7351 9477 4928 4159 6839,Peyter,O'Callaghan,pocallaghan64@ustream.tv,Male,3096740.55
FR96 5187 3722 98HW 7PW6 XC6T X16,Ema,Aked,eaked65@over-blog.com,Female,5335093.9
NL68 NLWG 8656 4598 10,Robby,Ewbanche,rewbanche66@facebook.com,Female,4616582.6
BE59 0765 8311 0498,Andra,Robiou,arobiou67@omniture.com,Female,335127.73
MC14 2057 1202 02RH SX2I Q5FS 431,Ermentrude,Brazenor,ebrazenor68@jugem.jp,Female,4902559.84
TR05 7443 7DDS XVBM HF1A QXFU 4A,Alane,Hallen,ahallen69@google.de,Female,8967831.05
AL12 3756 5012 WIOU ZOIP IFWS THLY,Reilly,Sego,rsego6a@berkeley.edu,Male,6550800.6
FR18 0964 2287 52JY PGAE UZSV C16,Freddie,Ludye,fludye6b@tamu.edu,Male,8501570.95
FR73 4864 1667 92IR 4DIL MZGV X50,Mace,Phear,mphear6c@ted.com,Male,9470639.18
MC97 9929 4498 23L7 GSGE V8LK J12,Nye,Wheelhouse,nwheelhouse6d@va.gov,Male,6148636.34
BR71 5474 8164 8015 6806 3630 186S I,Ophelie,Kiwitz,okiwitz6e@bloomberg.com,Female,6158252.18
DE84 3137 9233 8375 6891 64,Edgardo,Pykerman,epykerman6f@twitter.com,Male,1791472.91
KW04 CNOU OTTA YT6D TWQI V10L RB6H MP,Charlotte,Dauncey,cdauncey6g@buzzfeed.com,Non-binary,8208747.02
SM38 B181 6991 2460 ZDHO 0C5B OG3,Bartholomeo,Press,bpress6h@narod.ru,Male,2723985.78
NO37 1779 5520 628,Isidoro,Ruffli,iruffli6i@deviantart.com,Non-binary,7230950.05
SE70 0126 5222 3829 6230 1639,Ximenes,Wheatman,xwheatman6j@yale.edu,Male,8490164.56
FR59 1844 6433 24P2 ZQG8 MQSI M52,Wit,Spaunton,wspaunton6k@mlb.com,Male,2256509.37
IS61 6560 3945 7608 9548 2002 88,Egbert,Gornall,egornall6l@businessinsider.com,Male,4031361.31
RO72 PDJE KMDD ZP5W AXX0 IF8U,Lorelei,Cassimer,lcassimer6m@abc.net.au,Female,7266225.19
BH55 TKBZ VRYG FQPG MRNO CC,Clarey,Tough,ctough6n@1688.com,Female,23272.26
MC88 2485 7514 96LC 8KYO ZEFJ 157,Mala,Longley,mlongley6o@deviantart.com,Female,5382878.83
CY50 6432 1139 8LRR 84OD J6HS VUM5,Mirelle,Hasser,mhasser6p@lulu.com,Female,1743363.43
HU70 7456 8772 3652 9282 7198 6282,Kiri,Dover,kdover6q@ameblo.jp,Female,7116878.91
IE88 UMOT 8665 3295 7105 95,Alain,Wreak,awreak6r@comsenz.com,Male,4100024.55
AT70 3279 1622 9291 7337,Kerwin,Barkly,kbarkly6s@mysql.com,Male,2404262.25
DE58 3484 8730 5348 5117 40,Xaviera,Smaling,xsmaling6t@webmd.com,Female,1896935.71
CZ10 0927 1038 5611 3705 2037,Rora,Glasheen,rglasheen6u@diigo.com,Female,8953800.96
LU21 972A GHXW A2H8 5XKV,Marietta,Nelthorp,mnelthorp6v@smh.com.au,Female,7179387.1
DK17 8380 4670 8301 35,Andie,Nazaret,anazaret6w@privacy.gov.au,Male,8958448.3
FR54 2762 9349 75NZ UFKW PFEJ K70,Giacinta,Pace,gpace6x@disqus.com,Female,7767448.98
BR61 7711 4400 6235 5683 5567 299H B,Frederico,Gommey,fgommey6y@huffingtonpost.com,Male,3009782.36
GE86 LV51 4902 8807 2460 95,Trista,Dimmick,tdimmick6z@ed.gov,Female,1525989.2
FR95 5954 0509 85EU PQHZ RYOB W84,Stanford,Neate,sneate70@themeforest.net,Male,5782620.88
AT74 1490 6623 3447 8749,Lynette,Malicki,lmalicki71@nytimes.com,Female,1831101.75
FR86 3737 9673 179H YTVZ QUPY N28,Ashil,Phayre,aphayre72@geocities.jp,Female,3370859.3
BA22 5615 4473 5449 6215,Roderich,Mordanti,rmordanti73@discovery.com,Male,2424136.33
IL08 6890 1436 2841 3425 516,Laural,Van der Mark,lvandermark74@technorati.com,Female,9548258.93
IL14 1742 7628 6005 5203 133,Elysia,Innerstone,einnerstone75@netlog.com,Female,3872935.87
CH44 7580 1IU9 AC25 9KF8 W,Philis,Terbeck,pterbeck76@angelfire.com,Female,5688796.73
GT36 VFPC IVL9 FTAN BDH3 2LRM YYIA,Selinda,Thyng,sthyng77@eventbrite.com,Female,8842953.9
FR77 8035 2328 97XX ZSI9 BUBV 143,Christoph,Wigfield,cwigfield78@trellian.com,Non-binary,1271655.03
PT21 4007 2164 8695 0827 0775 5,Bobbette,Ghirardi,bghirardi79@sun.com,Non-binary,2375304.02
CZ26 2933 0220 3150 9376 8282,Dennison,Costelow,dcostelow7a@wufoo.com,Male,2739949.87
MK94 519W ISXC FAGW F56,Terence,Murrill,tmurrill7b@princeton.edu,Male,2746258.39
EE90 2375 1583 4856 2002,Irving,Cowlin,icowlin7c@printfriendly.com,Male,9918926.81
FR15 7946 5532 52V9 ZZTU ZSLX 338,Belinda,Dugget,bdugget7d@macromedia.com,Female,2177116.09
RO53 PFPB WYBV YKI8 YRMK QXKG,Ninnette,Spry,nspry7e@loc.gov,Female,2936496.24
FI17 3745 5016 8995 73,Cordie,Alliberton,calliberton7f@homestead.com,Male,5648567.6
MD06 NEMK H7NO HJHH IS4Y ZFXH,Tito,Tollmache,ttollmache7g@auda.org.au,Male,8834340.92
CH16 1184 8QTU SG4F L6IJ Z,Natassia,Hibbart,nhibbart7h@imdb.com,Female,8266448.99
MK52 694F 8K9G IBZI F85,Mark,Kalkofen,mkalkofen7i@typepad.com,Male,4659408.53
SI97 6850 3704 0361 151,Loretta,Melland,lmelland7j@scribd.com,Female,4624887.25
SE45 1052 8274 7955 4830 8627,Florenza,Rieger,frieger7k@com.com,Female,2653341.12
LT32 3079 7998 1691 4004,Elvira,Laurent,elaurent7l@yellowbook.com,Female,3050985.57
FR82 5123 7756 40ZA 8P38 ZULJ X89,Brnaba,Harrie,bharrie7m@about.me,Male,4067564.24
CZ29 5152 7883 0641 5201 8828,Tracy,Leverich,tleverich7n@nature.com,Non-binary,1833892.09
LT94 0730 7995 2896 7983,Eduino,Eggle,eeggle7o@fema.gov,Male,3896283.41
ME55 1001 1899 0058 3571 61,Charis,Moth,cmoth7p@woothemes.com,Female,4284528.69
BA79 1082 7168 4740 7024,Philly,Stokoe,pstokoe7q@flavors.me,Female,764586.5
AL80 9025 2866 BWCP IZAK ABBZ HXOA,Claudie,Adamovich,cadamovich7r@sohu.com,Female,4005728.64
SI35 5026 7290 4051 019,Deck,Willett,dwillett7s@omniture.com,Male,6404364.92
AL07 0072 3493 GKUX NKSQ AGJE X1CX,Dominica,Cannaway,dcannaway7t@zimbio.com,Female,1464717.5
SE37 2800 7709 2637 0682 3012,Rolfe,Petrov,rpetrov7u@miibeian.gov.cn,Male,1415728.77
AD15 3888 2666 1UYZ RAPL PZRO,Cori,Langsdon,clangsdon7v@tiny.cc,Female,4221209.4
AL92 7152 0881 ZCJM CLYX NOPR IBWQ,Michaela,Burniston,mburniston7w@umich.edu,Female,8215017.27
FR47 6116 0964 66CG 7UDO YPRU V23,Lanette,Durbin,ldurbin7x@bing.com,Female,7533294.87
FR80 9626 5955 83OQ LII3 EBQ0 063,Veronica,Dampney,vdampney7y@issuu.com,Female,8742604.06
PK11 UGRK 4DR9 9U85 TIDS HHFB,Garwood,Maffezzoli,gmaffezzoli7z@bloglovin.com,Male,2696380.41
KW43 MBZU F1TH CP92 UMQW 6CFM NOXE YI,Earvin,Barnish,ebarnish80@hp.com,Male,6080829.05
FI42 0327 4176 7362 05,Sherrie,Heindl,sheindl81@foxnews.com,Female,7309601.62
SE69 9404 0532 2945 8912 3267,Aldric,Arrighetti,aarrighetti82@goodreads.com,Male,6997851.8
IS68 2478 9921 5200 2374 1929 26,Morten,Dulwitch,mdulwitch83@timesonline.co.uk,Male,5461049.52
AT87 7005 6092 1235 0257,Joellyn,Errett,jerrett84@yahoo.co.jp,Female,175189.92
LI90 6653 7I4S KGUZ QOBS G,Norbie,Tocher,ntocher85@acquirethisname.com,Male,2218138.79
HU08 4885 6175 0338 5821 0745 7777,Farrah,Gabbidon,fgabbidon86@cpanel.net,Female,3503241.59
BH58 XPQV XXV2 HA2P 5ARF EC,Rosabelle,Harlowe,rharlowe87@wunderground.com,Female,2738163.3
FR71 0244 5331 04OP RVTQ BM1W P26,Blisse,Lomas,blomas88@wired.com,Female,430053.54
SK68 9513 6984 3523 8440 8654,Dareen,Paolotto,dpaolotto89@examiner.com,Female,6738940.08
CH84 8853 06UF 3PHS WWIP N,Rachele,Hilland,rhilland8a@theglobeandmail.com,Female,5234952.74
KZ73 083S 7BFS 307Z JURO,Bordy,Skyppe,bskyppe8b@unicef.org,Male,5451168.64
FR42 6069 5098 8599 ETT3 UWBP C70,Ondrea,Hartzogs,ohartzogs8c@networkadvertising.org,Female,2728496.76
GB64 PYPJ 0023 3406 9553 93,Boote,Fireman,bfireman8d@netvibes.com,Male,669809.57
FR76 7580 2986 63EY 4WUW HOJQ L45,Orel,Carne,ocarne8e@japanpost.jp,Non-binary,5940952.74
MD87 B1ES IBGL O9GS NNOU RIYG,Field,Kitchingman,fkitchingman8f@usgs.gov,Male,1865605.45
CH73 1619 6XTW TPNT PHTF T,Mikol,Mayfield,mmayfield8g@wisc.edu,Male,7808971.02
PL46 7237 5612 6449 7475 1987 8357,Esme,Ellar,eellar8h@ameblo.jp,Female,5352883.64
IL46 5936 0560 1275 6857 730,Lorie,Georgius,lgeorgius8i@yolasite.com,Female,3179508.04
BE91 3397 0574 5549,Flinn,Elcox,felcox8j@lulu.com,Male,6328054.65
CY30 0129 8647 ZHM8 ZODD 1REW 33CD,Ardis,Yockley,ayockley8k@jiathis.com,Female,3684885.76
FR69 5808 7811 817V OSBZ J2IJ F89,Niall,Wankel,nwankel8l@nasa.gov,Male,1961628.85
BE73 9785 9773 4920,Alikee,Casebourne,acasebourne8m@bloglines.com,Female,1123315.97
FR57 7954 5747 67BB WDOY MIIC K72,Marco,Hurrell,mhurrell8n@google.com.hk,Male,1700409.98
DO81 NRS2 4117 6019 9559 0241 6766,Sena,Brunon,sbrunon8o@ustream.tv,Non-binary,7758715.49
AL28 0281 4881 UNF0 BTJY NNU9 9DNS,Vyky,Nowick,vnowick8p@domainmarket.com,Female,9251107.1
FR24 2011 8713 60I9 J2VI JMVA G17,Teriann,Deeson,tdeeson8q@istockphoto.com,Female,5743411.04
DO65 F6J3 4061 8961 3349 0956 8215,Orran,Davidovic,odavidovic8r@over-blog.com,Male,8134489.73
MC34 8525 7366 92C5 BOC7 EO9B 797,Levi,Kiellor,lkiellor8s@parallels.com,Male,8602557.96
FR62 9749 8870 12FA SDDD O8RD V30,Susie,Hassent,shassent8t@simplemachines.org,Female,4810093.13
FR77 8802 4694 06PY AAFM VWMV D02,Taryn,Pittle,tpittle8u@tuttocitta.it,Non-binary,218665.96
IT28 C160 5323 390Z NMXF NQBI 4XA,Mohandis,Hugk,mhugk8v@webeden.co.uk,Non-binary,457011.55
LV72 AHOF VPAS ZNBB ZALL A,Reinaldos,Considine,rconsidine8w@instagram.com,Male,411878.74
EE77 1728 5051 0388 2537,Fredek,D'Andrea,fdandrea8x@edublogs.org,Male,4306206.08
MC69 2678 8901 57R4 VBRL 6BHN 907,Emile,Russilll,erussilll8y@bluehost.com,Male,5937459.58
SM61 X767 3227 074E HYXV ARMB TAT,Laurens,Rawcliffe,lrawcliffe8z@google.com,Male,6783561.3
FR41 3261 1339 51RK WVQT V3TV 453,Ninette,Beumant,nbeumant90@dmoz.org,Non-binary,6123710.94
LT91 9372 8950 6396 1746,Kira,Raffles,kraffles91@prlog.org,Non-binary,5802247.15
FR24 4848 4367 02L6 BV4F NHDQ 854,Ryan,Tumulty,rtumulty92@sphinn.com,Male,9524984.34
SA08 52UQ M6DD WD1Z QYPV LQ38,Charles,Carvill,ccarvill93@twitter.com,Male,1823986.71
AZ10 VPVL UVQV EAPY 0G2O HTGI QV9J,Josy,Adriani,jadriani94@latimes.com,Female,6984508.35
GL72 7490 6490 3938 50,Horst,Feldberger,hfeldberger95@webnode.com,Male,2670526.35
IL88 0908 9625 7278 2716 716,Isidora,Deackes,ideackes96@tumblr.com,Female,6555292.71
RO54 UTNC CWIW FW29 J7CB FZRA,Alanna,Vears,avears97@gnu.org,Non-binary,4598929.06
MC13 3408 6678 51LF MYGB EDFM G63,Isador,Landal,ilandal98@thetimes.co.uk,Male,5757890.81
BG53 WCAP 2263 82VC LZS7 HH,Lorenzo,Menure,lmenure99@jimdo.com,Male,5284658.07
GT85 5SQ9 0ISB FM1N PNYJ KUWS HNQ6,Mortie,Alfonsetti,malfonsetti9a@slashdot.org,Male,7622874.82
FR26 7872 3470 997I FQRR AOE5 X26,Keefer,Whitnell,kwhitnell9b@paypal.com,Male,597010.94
SA52 75DN U9FU NCIO DUR4 ZF9H,Raff,McKoy,rmckoy9c@go.com,Male,8627608.64
SE94 9715 8464 3400 0818 1614,Megen,Paolini,mpaolini9d@washingtonpost.com,Female,2428486.71
FR21 7991 3995 175Q 9NUA TRFJ M90,Maddie,Dowdam,mdowdam9e@de.vu,Male,675397.68
CH39 8711 3V1P W34F AJCZ 0,Estel,Francescotti,efrancescotti9f@gizmodo.com,Female,264843.49
SK64 9776 1380 0403 7278 1910,Winnah,Cordero,wcordero9g@marriott.com,Female,8687062.09
LB83 2207 NXDK 1YMN YU41 AO0G OTBO,Nettie,Piell,npiell9h@infoseek.co.jp,Female,9559319.17
RO42 HMAU H5YV CBWA ENJ0 DHNO,Lemmy,Heelis,lheelis9i@prnewswire.com,Male,3191850.85
SK48 8661 7184 9240 7047 5400,Chandler,Thombleson,cthombleson9j@japanpost.jp,Male,9341868.84
DK51 2026 9233 9713 02,Georgetta,Falkner,gfalkner9k@goodreads.com,Non-binary,4120056.1
SE33 6145 9583 1355 4572 5857,Caro,Cheeseman,ccheeseman9l@sohu.com,Female,9857245.07
VG07 YXXA 4395 3614 4608 1460,Ives,Couvert,icouvert9m@wufoo.com,Male,484980.78
AE63 7465 5527 3515 8407 178,Joceline,Lorenzetto,jlorenzetto9n@ocn.ne.jp,Female,5166289.47
FR33 6158 0304 41UJ GVX4 VGSR Z83,Charlean,Shillaber,cshillaber9o@abc.net.au,Non-binary,2030848.28
CR82 9897 9624 9870 1739 6,Chariot,Ceney,cceney9p@washingtonpost.com,Male,5115479.11
GL88 9604 4378 9361 78,Mariana,Ferreo,mferreo9q@comcast.net,Female,3122878.13
LT70 9287 0888 7962 5587,Melvin,Vanichkin,mvanichkin9r@ted.com,Male,1848261.16
LB67 3616 WEUX 2M0C SJJC B9WV CMGH,Julian,Perillo,jperillo9s@theglobeandmail.com,Male,1925997.24
FR41 1271 8159 30NS BKQK LDMY V90,Rafaello,Wilkie,rwilkie9t@wp.com,Male,1468412.14
IL03 7331 5260 9215 4094 541,Lenora,Ilbert,lilbert9u@hp.com,Female,9485688.3
PT86 5580 3600 6822 1204 7976 5,Rosetta,Leek,rleek9v@dyndns.org,Female,7456653.37
FR37 7406 5411 251G A5DC PA3L C03,Connor,Saggers,csaggers9w@mysql.com,Male,7683079.69
GI06 YWDK VQP6 RZGX 99OF 8YU,Elyse,Enric,eenric9x@ebay.com,Female,5538296.88
IE39 JSIX 8211 4160 8630 87,Lyndell,Gilffillan,lgilffillan9y@booking.com,Female,5338935.91
PT57 3395 0359 2476 9208 6565 1,Valry,Tincknell,vtincknell9z@engadget.com,Female,4857839.94
LT08 5618 1580 0990 1782,Louella,Junkinson,ljunkinsona0@cnet.com,Female,1856399.43
LV53 UKYB LLMO ZVWT ROTQ B,Deedee,Bartczak,dbartczaka1@github.io,Female,5723442.88
AE71 3606 7996 1421 0545 344,Meghan,Doak,mdoaka2@economist.com,Female,4075604.04
GL43 4566 6815 2678 46,Aldus,Pounsett,apounsetta3@last.fm,Male,6973244.88
PK10 YHUO DNQV HZWG M65G LII4,Iain,Stopford,istopforda4@wordpress.org,Male,181461.43
ME85 2623 0191 5706 4358 15,Ezri,O'Shea,eosheaa5@mapy.cz,Male,6086341.53
GR97 0994 118Y 7O1C DWWE BOOU DSJ,Ulrika,Berringer,uberringera6@posterous.com,Female,7077982.62
AD16 9656 2300 5BE4 54SR AXWE,Georgianna,Sleford,gsleforda7@scientificamerican.com,Female,2914869.46
AE27 7921 0802 0916 7000 098,Rosy,Beebis,rbeebisa8@senate.gov,Female,2876327.64
ME31 2468 1773 1040 4417 65,Wendie,Covell,wcovella9@accuweather.com,Non-binary,7087899.9
CH34 3657 09LW JQBN 9C0G C,Burr,Rowland,browlandaa@gov.uk,Male,9672982.63
FR74 7006 1857 24B9 TBKS 9ZXR D53,Arley,Kubalek,akubalekab@yandex.ru,Male,998646.09
PS73 FYXY BLMF 2YRG AVEX LRGG SGYF E,Alvira,Paschek,apaschekac@goo.ne.jp,Female,4248543.29
TR64 4608 2J16 34HC LWHZ JNJM CC,Shirl,Gelly,sgellyad@loc.gov,Female,2486952.0
BH09 ACNZ KUQU UX3P BXZP EI,Xenos,Lill,xlillae@list-manage.com,Non-binary,4419568.65
LB87 9151 OKIQ 42UJ ML21 TDRS VGUE,Aubrey,Willerstone,awillerstoneaf@sfgate.com,Male,9882744.82
FR74 0104 5945 55MB OPGO GNT4 T97,Winthrop,Bosworth,wbosworthag@who.int,Male,9138419.76
KW03 JRFI TQSK ORTJ TWL0 J5DM 97VG JY,Robina,Wildsmith,rwildsmithah@nature.com,Female,8303585.77
VG90 FTGO 8937 1962 5334 0690,Avery,Armand,aarmandai@cbc.ca,Male,374192.1
NO96 1310 7652 253,Leshia,McJury,lmcjuryaj@java.com,Female,8064078.48
GL73 3977 1468 7883 78,Josefina,Fishleigh,jfishleighak@theglobeandmail.com,Non-binary,5690147.03
DE42 6996 7536 2343 2394 26,Vivyanne,Pettie,vpettieal@networkadvertising.org,Female,2891627.26
FR40 8347 4940 60L8 KXRQ BCIG Q67,Rae,Balmforth,rbalmfortham@discuz.net,Female,3850422.1
DE89 9944 0302 5417 0781 30,Nickolaus,Thonason,nthonasonan@thetimes.co.uk,Male,8657128.77
RO55 XMSP 5ZT3 W2ON FTIE JDPG,Kathy,Harbertson,kharbertsonao@tmall.com,Non-binary,3869423.91
AZ27 ZRWE GM3G HURF 8K16 SGIA F5XX,Antonius,Bew,abewap@nymag.com,Male,5076889.91
KZ89 8764 WGCC V4HY GMJX,Valentin,Attarge,vattargeaq@nyu.edu,Male,4358058.04
NO32 4119 9090 764,Domenic,Franciotti,dfranciottiar@va.gov,Male,6833634.02
PT57 8822 1283 9849 4319 1820 9,Miguela,Legat,mlegatas@csmonitor.com,Female,5213980.12
IE74 EKXX 7267 8088 9627 57,Ailyn,Gwyn,agwynat@japanpost.jp,Female,6474456.84
IL36 0020 5638 9753 5208 156,Constantina,Comusso,ccomussoau@skype.com,Female,3273646.29
TN10 5700 1299 1137 4929 8480,Juan,Keyse,jkeyseav@constantcontact.com,Male,5119219.08
GE12 CX76 6402 5664 2569 76,Bax,Brine,bbrineaw@globo.com,Male,2182179.32
AL40 8013 6048 6SSK RNUZ 32KO FZRN,Diego,Gulleford,dgullefordax@facebook.com,Male,6946914.65
IS66 8844 7504 6158 7595 4724 63,Myrle,Fieldhouse,mfieldhouseay@answers.com,Female,3482583.91
FR20 8262 8509 84QB U9PY MTHX V29,Robinia,Ollin,rollinaz@cpanel.net,Female,5679154.16
EE46 5389 5174 4918 3567,Oby,Netting,onettingb0@cocolog-nifty.com,Male,40783.6
FR04 3138 1577 46FP PTRL SQSE Y27,Kane,Cavnor,kcavnorb1@desdev.cn,Male,7984345.46
FR71 5139 0842 188N 7GUU YRPO 445,Nicholle,McKean,nmckeanb2@bbc.co.uk,Female,3245231.64
NL21 WQPS 2729 5687 96,Saraann,Krystof,skrystofb3@miibeian.gov.cn,Non-binary,7640398.46
TN04 9361 1731 1294 9738 3156,Gaelan,Hughill,ghughillb4@blinklist.com,Non-binary,7283441.02
LV32 ZPMG M0AU F6ZL 8RO5 V,Cathrin,Grimshaw,cgrimshawb5@ted.com,Female,2445680.98
GI87 NXJN KQ3J EXHE 6RZY YUT,Aland,Scoone,ascooneb6@ca.gov,Male,3690262.43
ES62 9070 3542 2986 7933 2532,Abbot,Salters,asaltersb7@naver.com,Male,811119.07
FR65 3203 4404 20CA B3GZ FULU X41,Frazer,Verillo,fverillob8@mail.ru,Male,3493804.26
BR50 4742 7358 8979 2757 9607 117E P,Baxie,Wallen,bwallenb9@hexun.com,Male,943740.91
CH43 3991 6VXN PCJL D7K7 Q,Eddie,Szymanzyk,eszymanzykba@google.com.au,Female,3446443.32
BE76 3923 2488 3314,Bartlett,Bowditch,bbowditchbb@state.tx.us,Non-binary,2883821.14
LU35 602Q QKPF ZQS8 BTZP,Dennet,Quadri,dquadribc@hhs.gov,Male,8973549.89
MR06 1256 0264 5214 4656 2953 450,Esta,Brailey,ebraileybd@adobe.com,Female,7439058.07
PL86 7355 5002 8476 0347 0522 0403,Killie,Dionisii,kdionisiibe@plala.or.jp,Male,2869755.8
EE73 2750 6799 4134 9977,Rasia,Slavin,rslavinbf@t.co,Female,4568088.83
TR48 9075 5ORM P3SQ IO4A PTKS VT,Alicea,O'Shea,aosheabg@ustream.tv,Female,7918040.59
ME76 8710 0430 0602 4683 83,Melany,Sarath,msarathbh@mashable.com,Female,7324726.88
BE06 6059 8893 5452,Leonie,Tupling,ltuplingbi@alibaba.com,Female,8456987.72
HR34 4810 4275 2652 0713 6,Charmion,Turvie,cturviebj@sphinn.com,Female,7598677.79
GT22 JXET AOOF STSY RBU7 GXJM 6LC0,Zebedee,Pratte,zprattebk@digg.com,Male,8744969.24
LB06 1328 IC2Z VFXO C3WH KB6P KRNS,Arvie,Driffe,adriffebl@meetup.com,Male,2756612.61
SK36 9094 1384 5737 0667 9018,Hakim,Crosen,hcrosenbm@moonfruit.com,Male,4941804.3
FR49 7820 3944 20SI 5X8W APNS V23,Ofilia,Glew,oglewbn@arizona.edu,Female,6449806.16
GB39 VRSV 7487 6740 2003 04,Florian,Wooderson,fwoodersonbo@psu.edu,Male,664166.46
VG47 XYEE 8458 4872 7541 4467,Obadiah,Tuerena,otuerenabp@paginegialle.it,Male,9926947.39
IL10 0007 4701 5083 6741 350,Wandie,Franchioni,wfranchionibq@usda.gov,Female,9584896.79
AE81 6075 3702 4075 0299 609,Aggy,Gaudin,agaudinbr@wikia.com,Female,7194523.56
BA45 6426 8203 6079 9949,Nickolai,Hendrix,nhendrixbs@bloglines.com,Male,2953415.11
FR32 3145 7691 07ZK RCYJ ETRR W67,Elroy,Garter,egarterbt@tmall.com,Male,7639679.46
BA66 4714 0827 1249 4814,Tailor,Tandey,ttandeybu@4shared.com,Male,8938106.89
NL02 XKFC 4962 7488 13,Claudie,Pietzker,cpietzkerbv@nih.gov,Female,437913.75
FR68 0084 1483 34VI UYGI D3C5 F32,Benn,Rhymer,brhymerbw@goodreads.com,Male,6779205.33
RO45 PGQP BODW MH3O WT4S T2ZW,Josefa,Whanstall,jwhanstallbx@creativecommons.org,Non-binary,4392922.55
MR61 7871 9488 4989 0074 9285 892,Claudie,Giottoi,cgiottoiby@unc.edu,Female,4760460.44
DE78 6621 1068 4508 7816 49,Tedda,Gresty,tgrestybz@blog.com,Non-binary,9787048.9
LI85 6691 4KSM RT6U JBDV G,Jillana,Stoodale,jstoodalec0@hc360.com,Female,4583318.18
NO82 8932 8903 623,Briney,MacShane,bmacshanec1@berkeley.edu,Female,7728669.68
GI29 RMNN 2RDA DVZ2 HBQ6 VG3,Kit,Manuaud,kmanuaudc2@soup.io,Male,6445371.84
ME18 4967 6675 8805 7313 41,Perry,Ducroe,pducroec3@slate.com,Non-binary,8302984.8
ME79 5004 4907 3390 7015 47,Matthus,Lambertz,mlambertzc4@google.com.au,Male,7140315.76
FR87 8024 8998 94HF N9YT IKBQ L60,Minna,Guard,mguardc5@cdbaby.com,Non-binary,4508676.38
FR49 7261 3684 07F1 57G5 L5E4 S99,Douglas,Pizzey,dpizzeyc6@bloglines.com,Male,5009253.81
LT17 5920 1711 6477 3253,Munroe,Ricciardelli,mricciardellic7@artisteer.com,Male,9225120.08
GB94 LATU 6072 8831 7225 12,Jesse,Plevin,jplevinc8@adobe.com,Female,3160654.46
FR62 1549 0310 59PQ SLNU QHBB I40,Tripp,Reader,treaderc9@bbc.co.uk,Male,4772683.44
ES48 7769 8086 8548 7897 8806,Raphaela,Marr,rmarrca@weebly.com,Female,7998558.83
LB93 5736 UPNX AC45 5XTN JFFA 7LHT,Devora,Pyzer,dpyzercb@unblog.fr,Non-binary,7976991.75
LT34 8245 5280 9931 1664,Kalindi,Polak,kpolakcc@weibo.com,Female,5842847.16
GT38 7QBR SSA8 ESTI LZFO RX22 HBFQ,Katerine,Patullo,kpatullocd@usnews.com,Female,6752309.61
CY86 7667 4982 NPXP OEYF F9UM YZBK,Dani,D'eath,ddeathce@cisco.com,Female,6371513.48
FR02 0241 9616 59KG E0HZ N0DG M44,Carlyn,Scouse,cscousecf@last.fm,Female,9854612.98
LI31 6577 31RH 02MF ZQUN T,Sarette,Shires,sshirescg@stumbleupon.com,Female,5571613.42
FO88 3173 4466 5643 92,Salem,Dovydenas,sdovydenasch@smugmug.com,Male,1905481.94
ME41 1823 3608 0538 2994 99,Davon,Farndale,dfarndaleci@imageshack.us,Male,8818310.99
IS45 4164 1429 1233 5440 8823 83,Durand,Seabrook,dseabrookcj@hud.gov,Male,6246400.17
FR08 5354 3196 35LK MYWC YZGG U18,Rebekah,Alliker,rallikerck@webmd.com,Female,2033968.82
BG35 NAPG 8776 083A HM1A JA,Xaviera,MacAskill,xmacaskillcl@ifeng.com,Female,9661524.14
MK22 301J BTW6 PFGM K55,Kary,Kale,kkalecm@moonfruit.com,Female,4363533.37
ES92 9206 9920 9766 4227 0309,Gwen,Tevlin,gtevlincn@mlb.com,Female,445027.59
AT90 3716 7834 6810 0827,Stace,Searle,ssearleco@microsoft.com,Female,1889994.73
NO02 9745 5457 393,Aylmer,Culshew,aculshewcp@nymag.com,Male,1717148.28
FR31 2569 8844 37SX ZDMK SD8S L75,Matilde,Sandyford,msandyfordcq@aol.com,Female,8281878.02
FR46 4760 2231 00K7 XKHU HLRQ Q97,Calv,Leethem,cleethemcr@hao123.com,Male,9053539.83
SI93 2457 0330 1303 577,Briana,Condon,bcondoncs@slideshare.net,Female,8130255.99
MK26 342Z U7OG LPVM I23,Morena,Canet,mcanetct@ovh.net,Female,3205148.42
GL25 3883 1046 1343 90,Carolee,Goldberg,cgoldbergcu@techcrunch.com,Female,1622971.8
IS34 0117 7428 8749 7300 8835 46,Lorry,Clemerson,lclemersoncv@admin.ch,Female,1191799.54
CY48 3866 0992 Q80Y NGUY U6EH 9SYJ,Bary,Sabathe,bsabathecw@altervista.org,Male,6740849.01
FR12 8234 1329 21RT ZNQL AXZV Z59,Erroll,Fitchett,efitchettcx@skype.com,Male,460590.65
IL66 3814 2579 4038 1898 103,Bentley,Cawthra,bcawthracy@diigo.com,Male,8317328.52
LB60 5710 PREU SZ6I DLO5 0VKT ZIOW,Marcellus,Bonifant,mbonifantcz@desdev.cn,Non-binary,554219.23
LV19 WLRI BJPH G4CT TWMC 7,Erena,Hardwin,ehardwind0@statcounter.com,Female,5748726.11
GL95 3981 4314 8905 88,Berget,Bullan,bbulland1@constantcontact.com,Female,7505202.78
MD92 CMW3 EBZI OAVB OHPV WFQI,Hashim,Aubri,haubrid2@friendfeed.com,Male,3602111.29
FR54 5768 6753 45CM L1MJ T1ZZ R62,Tonye,Fazzioli,tfazziolid3@princeton.edu,Non-binary,4685628.95
MC19 3956 1970 347X Q0V8 CAWF K72,Belita,Calderwood,bcalderwoodd4@java.com,Female,7530106.29
ES44 5613 3670 8571 9995 9992,Kayley,Baulcombe,kbaulcombed5@census.gov,Female,4385358.18
AT31 2140 1426 0952 8573,Albert,Medmore,amedmored6@blogtalkradio.com,Male,2679480.98
HU77 5308 7096 5816 1636 8428 0046,Jorgan,Conquest,jconquestd7@chron.com,Non-binary,5922525.82
FR93 9028 6223 59VJ 3Q7W FQKY Y92,Banky,Longstreeth,blongstreethd8@answers.com,Male,8810106.31
FR56 4735 4240 12CZ S6WS PTHJ 308,Skippy,Richards,srichardsd9@phpbb.com,Male,2979621.87
PL16 0972 3615 4598 5917 6213 0299,Carissa,Blainey,cblaineyda@indiatimes.com,Female,1901730.7
GL16 5289 1340 3196 20,Cindelyn,Nesbit,cnesbitdb@webs.com,Female,8646023.3
MT51 HTGA 7344 5PAI QFNJ JFYT PTMG KPP,Raphael,Kett,rkettdc@soup.io,Male,6586932.34
LV86 VAWU T0OK 66YM GZBV E,Sawyere,Perrat,sperratdd@yandex.ru,Male,1851982.57
FR39 9283 7495 921E 27Q9 R8XO Q44,Hephzibah,Bray,hbrayde@bing.com,Female,8787132.54
MR02 3200 6620 2453 5576 1304 147,Joey,Oneill,joneilldf@amazon.com,Male,7545370.6
IL08 5526 2077 8391 4026 653,Jimmy,Hughes,jhughesdg@hubpages.com,Male,9269676.57
FR51 9364 9523 55UX 5VKR 9230 H64,Wainwright,Fruen,wfruendh@dropbox.com,Male,3387329.11
AT38 7559 5042 3060 0063,Valdemar,Manwell,vmanwelldi@istockphoto.com,Male,9167181.75
FR47 7966 1931 727Z 8DWT CSGY D90,Krispin,Yanele,kyaneledj@google.de,Male,1161135.54
SE89 1085 4970 2953 1637 7659,Lucille,Hurley,lhurleydk@youtu.be,Female,2708128.29
LB40 5351 OE7C 1RST RQMS WKI1 FEZA,Antonetta,Jans,ajansdl@qq.com,Female,5252591.03
AZ91 VUXC LVRS MJDY 3ZQL OCR8 P6P8,Hall,Neubigin,hneubigindm@canalblog.com,Male,4461383.65
IS29 9445 5293 2896 0655 7640 52,Bartlett,Hurton,bhurtondn@mail.ru,Male,1414684.92
GE53 RM17 5790 6680 7872 02,Hildy,Paulton,hpaultondo@cbslocal.com,Female,7454832.6
FR69 7921 3113 46HV HQEY OOAH W15,Shayne,Juliff,sjuliffdp@google.com.au,Female,2520207.36
CZ51 0212 5444 0565 7792 4048,Martynne,Hancock,mhancockdq@opera.com,Female,5513243.77
IL52 0129 6906 7530 0094 300,Eleanore,Chesson,echessondr@chronoengine.com,Female,6678552.33
FR92 1078 0349 41M0 7EEC FVGK Z44,Blaire,Hooks,bhooksds@virginia.edu,Female,4169536.7
CY84 2510 6650 QQ0V TR3J RYWT WCUW,Balduin,Kerfoot,bkerfootdt@alibaba.com,Male,6973344.94
SM39 I899 7711 281U EH6K H0OY D0O,Jecho,Gauchier,jgauchierdu@upenn.edu,Male,4428955.97
FR37 3774 8462 92CH Q0PV SBBA G63,Wallie,Oakman,woakmandv@ehow.com,Male,8057887.21
AZ97 WHPL IS4J J2FO WPCA KA3I TJ4E,Phillipp,De Marchi,pdemarchidw@vimeo.com,Male,6568902.02
FR36 9272 9404 537K 4MOW T8YB N47,Hyacinthe,Mould,hmoulddx@tinypic.com,Female,2433863.06
CR28 7744 6916 0224 5988 7,Hortense,Caswill,hcaswilldy@skyrock.com,Female,1568604.82
FR25 3696 2250 62FZ KCGV DCLC Z11,Joni,Hallums,jhallumsdz@prlog.org,Female,2134754.98
HU38 5034 4233 8507 0180 5493 1835,Rutherford,William,rwilliame0@dropbox.com,Non-binary,8446950.22
MK49 542W ABMT V0XU T96,Hadria,Faircloth,hfairclothe1@tinyurl.com,Female,6077230.66
BA26 0364 1064 0259 0220,Wells,Whewill,wwhewille2@apache.org,Male,8110642.66
BA64 5155 1316 8267 7875,Stanleigh,Abberley,sabberleye3@example.com,Male,5408334.06
FI86 5793 0171 4985 02,Sindee,Anselmi,sanselmie4@is.gd,Female,3860647.86
AT88 5167 8604 1587 9368,Gram,Figgess,gfiggesse5@theguardian.com,Male,6650208.55
CH13 2436 3DLV RXAO V32I Q,Sandor,Scowen,sscowene6@youtube.com,Male,7073128.57
FR27 0411 2672 446L LIAS 2VM1 O27,Maximilian,Ackers,mackerse7@webnode.com,Male,7110710.01
LB23 3338 UFMY EDQ1 8TS1 4QEG LTT7,Stacy,McIlwraith,smcilwraithe8@rambler.ru,Male,6991706.18
VG40 VXGF 9068 0646 7822 2965,Osbourne,Palia,opaliae9@tripadvisor.com,Male,9540177.72
GE81 MB42 9665 3476 4725 46,Jessie,Matterdace,jmatterdaceea@sfgate.com,Male,4061279.58
AZ54 KHKU LU0R 95PI ZTR7 WKJW H0KJ,Meir,Blaase,mblaaseeb@4shared.com,Non-binary,2381139.89
LU50 466G 8TA2 EORH HLIC,Correy,Catterell,ccatterellec@mlb.com,Female,7686754.23
RO88 UJRE 8XWQ EV8Y 1EAY T26M,Leicester,Gerrish,lgerrished@exblog.jp,Male,9175770.67
CZ06 8061 3271 8004 1919 2257,Mandie,Boucher,mboucheree@webmd.com,Female,8483878.12
MU59 COTU 7263 7321 8573 2837 956V OW,Arlen,Venning,avenningef@nba.com,Male,7544068.32
MK90 423Y NIQE YJMX Z64,Berna,Cradduck,bcradduckeg@hp.com,Non-binary,121488.04
PS32 AOWE BXNS NVNQ UHTT LVSY DML9 0,Janaye,Wolfit,jwolfiteh@microsoft.com,Female,2488831.07
MK63 097O LOEH YUM2 Y91,Elwood,Isaksen,eisaksenei@auda.org.au,Male,6770871.24
CH75 0391 66OQ SHYI ZWM0 2,Vassily,Brigshaw,vbrigshawej@cam.ac.uk,Non-binary,7588525.28
FR57 8949 8107 83J7 OJVY ZRP6 E94,Theresita,Lawtey,tlawteyek@exblog.jp,Female,6001196.88
FR39 7335 0778 49FO HASB JVIN H70,Yetty,Rispin,yrispinel@pbs.org,Female,9778923.89
FI78 6978 2139 0258 29,Mord,Lowdeane,mlowdeaneem@blogtalkradio.com,Male,676647.77
DO76 PB0A 4983 9015 8403 5879 7421,Delmor,Eves,devesen@apache.org,Male,5520423.25
LV95 NTNR ZPRM SCJP LYDD H,Suzette,Parlatt,sparlatteo@bbc.co.uk,Female,1966763.97
FR17 3252 7789 128R XT0U HUII 184,Geoffrey,Kalinowsky,gkalinowskyep@elegantthemes.com,Male,513703.34
BE61 1116 4975 3510,Lorinda,Grene,lgreneeq@uiuc.edu,Non-binary,9698060.6
CZ36 9909 9357 3820 1981 4607,Adela,O'Kane,aokaneer@oaic.gov.au,Female,6724176.58
ME02 3181 6139 3905 8572 96,Ashia,Headrick,aheadrickes@psu.edu,Female,4261344.51
BG88 EVGD 7681 970M BDEZ UJ,Shannah,Mincini,sminciniet@phoca.cz,Non-binary,9506140.86
FR39 4615 2872 83NU MBUY BBS9 775,Verge,Heinlein,vheinleineu@usgs.gov,Male,9738524.52
GL82 7327 7174 2037 39,Martguerita,Owttrim,mowttrimev@oracle.com,Female,4301890.78
DK57 3934 4100 9947 59,Reese,Scholfield,rscholfieldew@kickstarter.com,Non-binary,9542607.67
AZ65 SIJE SLZT 27CU LBFI YRJA Y92C,Fredia,Foulgham,ffoulghamex@mapquest.com,Female,1711773.89
SI75 7721 2854 2450 450,Joseph,Maroney,jmaroneyey@exblog.jp,Male,628126.15
CR72 2123 0636 8904 6936 3,Abby,Stephenson,astephensonez@mtv.com,Female,4800044.21
IS45 9368 5518 2795 9244 4234 86,Pansie,Snailham,psnailhamf0@home.pl,Female,6496344.83
IS26 2401 5535 6670 0003 0938 22,Natalina,Oag,noagf1@umich.edu,Female,9228578.79
FO97 8932 4305 7474 27,Niels,Cashley,ncashleyf2@mozilla.com,Male,2668738.56
CR50 2266 8175 0554 5295 6,Calla,Cockling,ccocklingf3@ovh.net,Female,3219832.8
FR92 9666 5988 53SN EXZP GMBU 763,Dwight,Yoskowitz,dyoskowitzf4@techcrunch.com,Male,35455.09
MR28 1084 7089 6932 7128 0435 276,Gaelan,Losselyong,glosselyongf5@51.la,Male,7083298.18
SE66 5231 1638 0002 6157 6362,Berte,Pardew,bpardewf6@pen.io,Female,7667893.92
GB49 CGZU 1024 8106 2355 34,Ancell,Kitchen,akitchenf7@slashdot.org,Male,8250892.43
SA04 63EY NBCZ 43WC DGOH WMGS,Buffy,Jurisch,bjurischf8@trellian.com,Non-binary,6432535.48
GB51 LHOD 6433 1284 4718 05,Philomena,Treagust,ptreagustf9@tuttocitta.it,Female,4684442.69
BE89 6296 4260 2305,Eran,Rintoul,erintoulfa@aol.com,Female,5245386.58
FR08 9106 9037 567M PNMX 8NPN X83,Hermina,Sherborn,hsherbornfb@disqus.com,Female,6526068.54
BA43 1583 3547 2536 6699,Jarad,Beagrie,jbeagriefc@eepurl.com,Male,3607749.29
AE39 7338 1188 5452 1726 534,Katerine,Salzberg,ksalzbergfd@yelp.com,Female,1738525.55
BG40 WJRY 3650 49EE KEQ7 EE,Errick,Slatter,eslatterfe@ycombinator.com,Male,7675683.67
DK18 9529 3447 2600 48,Anabal,Caesar,acaesarff@freewebs.com,Non-binary,7741585.7
GE69 JI18 5857 3548 1591 59,Ettore,Ody,eodyfg@cyberchimps.com,Male,3670004.94
FR61 4136 2530 96HF DPM6 ZFQR N64,Jillane,Battershall,jbattershallfh@guardian.co.uk,Female,1890479.72
GL55 1895 9984 8567 28,Patty,Colling,pcollingfi@woothemes.com,Female,5519038.74
HR13 2398 6186 2319 9860 9,Torey,Nertney,tnertneyfj@themeforest.net,Male,6021774.77
AL63 8684 3178 WOIQ SCMB PDW2 1M2L,Corrina,Conboy,cconboyfk@home.pl,Female,8259622.83
BR59 6100 5481 7049 1145 8247 433E O,Ulrikaumeko,Huke,uhukefl@myspace.com,Non-binary,3194480.75
FR28 7803 2065 34AQ CDPK 2NSK 314,Tillie,Gandrich,tgandrichfm@weather.com,Female,1152665.72
LU25 072O V58Z GNQX FU7F,Avictor,L'Hommee,alhommeefn@dyndns.org,Male,9958826.83
SM35 N432 1257 890G ZHMJ OQS2 UNP,Morgan,Rembaud,mrembaudfo@mlb.com,Female,6800855.1
AD39 6894 4057 DASO 2EQQ 6NOC,Red,Markovic,rmarkovicfp@prweb.com,Male,4876799.64
LT86 9675 1597 3323 5917,Bessie,Sympson,bsympsonfq@nytimes.com,Female,4702416.53
HU24 8165 2454 7631 6427 3264 4276,Wynn,Ghiriardelli,wghiriardellifr@networksolutions.com,Female,1268098.38
IE53 MXAA 0325 8835 5927 09,Boyce,Gelly,bgellyfs@4shared.com,Male,5314964.29
IT52 G814 6288 4559 OHC2 6OFX EMH,Clementina,Grishagin,cgrishaginft@mediafire.com,Female,1394116.86
IL25 9290 3023 7762 0022 951,Frederic,Pinnijar,fpinnijarfu@mashable.com,Male,3668127.86
GR96 2446 258D SXNJ IVLK 7YG5 VWD,Mindy,Stearn,mstearnfv@archive.org,Female,2372222.72
MT45 NNVN 4496 2ZVZ A6AT BBCK ENJI LUL,Drew,Denyagin,ddenyaginfw@virginia.edu,Male,4234905.88
CY14 0093 6017 XG5R GSN0 ZRB1 S7CG,Melinde,Labrone,mlabronefx@multiply.com,Female,1479100.82
RO15 WIGY 0MWI WECP MYMP 6FKI,Shawn,Royden,sroydenfy@tripod.com,Male,3798254.05
IL41 2494 1103 2651 3010 287,Phillis,Mullarkey,pmullarkeyfz@booking.com,Female,3369497.2
GE49 EG50 5818 3936 2352 84,Tobye,Goracci,tgoraccig0@creativecommons.org,Non-binary,5086969.71
FI40 9164 0771 9099 42,Isadora,Filer,ifilerg1@spotify.com,Non-binary,5197254.57
KZ07 820I Y1ZN CVET NAFX,Sara,Rowlings,srowlingsg2@sitemeter.com,Female,371575.14
PL64 9806 6416 2607 3275 6983 3941,Mackenzie,Moniker,mmonikerg3@edublogs.org,Male,9258569.11
FR32 2328 5484 87QQ STEZ P0KU O39,Nichols,Gerber,ngerberg4@deliciousdays.com,Male,6273722.18
SK86 1433 9686 8876 6967 6816,Eleen,Thorne,ethorneg5@linkedin.com,Female,2803873.84
KW23 PRRP BGHD BOYF 60XU DQTQ 9VV0 KA,Hubey,Brim,hbrimg6@multiply.com,Male,3385849.57
MT06 DVCE 6176 18QQ 1KOJ OT0X HFZ8 VG3,Susanetta,Auten,sauteng7@newyorker.com,Female,7608793.01
RS79 8368 4589 5400 5791 28,Humfried,Simes,hsimesg8@weebly.com,Male,6275616.89
BE77 0086 8213 8913,Nerita,Eastway,neastwayg9@umn.edu,Female,3701034.41
VG45 NGYT 9547 8521 0654 4769,Ailis,Nesterov,anesterovga@aol.com,Female,3247030.61
IT14 Y527 5969 1494 OMBM SSLN ESB,Kaitlynn,Vowell,kvowellgb@amazon.co.jp,Female,3444086.66
SA09 913J ZMIS QAWA JG9V GIV7,Forrester,MacNeillie,fmacneilliegc@bizjournals.com,Male,6318413.56
FR89 2397 0763 34ZI U6QF RHNC E06,Lind,Creeghan,lcreeghangd@japanpost.jp,Female,9309463.32
LT13 9038 2393 0484 6461,Winnifred,Axtell,waxtellge@nsw.gov.au,Female,5363320.2
MK98 620S JA8N VYI8 I29,Gunar,Jauncey,gjaunceygf@blogtalkradio.com,Male,4321728.41
SA24 85NG NYX5 VNRF HYX6 7UXY,Vinson,Applin,vapplingg@taobao.com,Male,9719132.11
MD24 W4QJ KXII BPEV AVQG CPTX,Vick,Laundon,vlaundongh@dmoz.org,Male,8340506.99
FO16 1496 9439 5177 61,Regine,Linggood,rlinggoodgi@virginia.edu,Non-binary,8761753.49
MC57 4698 0452 52TE 1SI9 JITO A31,Victoria,Dommerque,vdommerquegj@shareasale.com,Female,2509235.88
MD83 BXAE GYY4 LDFW N1JJ FDT3,Garry,Huntley,ghuntleygk@hubpages.com,Male,8370796.22
DO84 QIIX 5859 9139 0581 6996 0659,Durant,Summerton,dsummertongl@wunderground.com,Non-binary,2871048.01
TR95 9147 61DM DUHL UHIW 4K9I OG,Regine,Madeley,rmadeleygm@wired.com,Female,8663696.96
ES03 3706 4501 5478 4559 2072,Mahalia,Jumonet,mjumonetgn@hubpages.com,Female,1709922.15
BG60 UXDP 0861 51EK GZY4 PL,Brianna,Issacson,bissacsongo@yellowpages.com,Female,3956057.71
BE79 7266 3442 7131,Brandise,Delooze,bdeloozegp@spiegel.de,Female,6830655.98
DK95 0981 1705 1635 97,Carlie,Gainseford,cgainsefordgq@java.com,Non-binary,5883923.64
BH64 XJKW 3UQV EXDK ASUF W0,Caro,Gilberthorpe,cgilberthorpegr@ocn.ne.jp,Female,6928758.84
CY50 4766 4224 XB3P PEXY XKUA CEMP,Annmarie,Comini,acominigs@latimes.com,Female,1415455.9
GR78 4552 665A YLGD K0AW GEEW G7F,Elwyn,Loyd,eloydgt@ebay.com,Male,7270140.35
AT77 7272 8638 8674 3164,Vanna,MacCaughey,vmaccaugheygu@gizmodo.com,Female,6250272.95
FR68 6148 4052 53QB 647X UJRJ 240,Ashlie,Tesh,ateshgv@amazonaws.com,Female,8862755.52
GT73 D0SP NLEW HDCA TWCL 7Y3A IZNJ,Ryon,Odde,roddegw@ibm.com,Non-binary,1625957.49
LB13 7462 QTL0 ZNHI 8L9B YLFU 5ZS2,Hugibert,Biesty,hbiestygx@topsy.com,Male,7445988.16
GR42 8025 649S 55PU JPG9 WSII UP7,Minna,Gertray,mgertraygy@tripadvisor.com,Female,9222960.15
EE63 2052 8420 7982 9589,Rickert,Tewkesberry,rtewkesberrygz@nba.com,Male,3558110.62
TR84 5129 7DGK T5T2 03TK ILOP P8,Monroe,Acres,macresh0@hatena.ne.jp,Male,28861.65
FR58 6784 8569 95NN GVV2 QJ4K M76,Dulcine,Judge,djudgeh1@ucoz.ru,Female,1535960.03
SK44 1744 2063 3043 1598 4139,Barrett,Shotter,bshotterh2@yellowbook.com,Male,3174981.61
AZ82 VSTV CCUF TINU IK3I BLXP VBOP,Mellie,Clash,mclashh3@dot.gov,Female,1788596.57
FR77 7338 3252 90GR USLR G0LI 157,Arny,Bradly,abradlyh4@netvibes.com,Male,6182707.1
FR34 6910 0348 07QW KGY4 AEE6 Q83,Flossy,Chavez,fchavezh5@vimeo.com,Female,7963740.76
ES14 9310 9736 1913 1143 1536,Phillipp,Estcourt,pestcourth6@google.com.br,Male,4010494.14
SI47 1438 4464 6129 817,Lindsey,Cleyburn,lcleyburnh7@dropbox.com,Non-binary,4948963.52
AT28 5432 1470 9049 2621,Lesli,Catherine,lcatherineh8@booking.com,Female,1436578.26
LB74 0590 GIHL Q3XP GQJE E6UX JIJS,Lorrie,Stagge,lstaggeh9@gmpg.org,Male,2657643.06
GB14 GOSE 0852 3330 5910 05,Roxie,Ness,rnessha@prlog.org,Female,7769926.06
BG54 NVPB 4149 25XI AU4N 9X,Tiffie,Wragge,twraggehb@nsw.gov.au,Female,5896214.18
PT28 3783 3012 3089 2518 1322 0,Connor,Seagar,cseagarhc@w3.org,Male,3125409.14
SI28 2166 4876 2610 094,Lira,Newlyn,lnewlynhd@google.es,Non-binary,3587298.59
AT50 1201 0401 2052 3370,Milzie,Blaisdale,mblaisdalehe@flickr.com,Female,9036475.18
AT25 2252 7396 9864 2388,Jammie,Borborough,jborboroughhf@mozilla.com,Non-binary,2756485.07
NL22 EPAD 1949 3951 94,Dud,Lidgey,dlidgeyhg@home.pl,Male,9455254.8
CZ66 9518 7344 1897 6747 9610,Karoline,Toogood,ktoogoodhh@senate.gov,Female,147402.66
GT53 QKUE 6FYS BYL6 RNCV HMOT NPTO,Lani,Dickins,ldickinshi@shareasale.com,Female,464133.63
LB93 0788 EPW1 K5P1 BY0Z 8K9C XSQN,Dionne,Crees,dcreeshj@bloomberg.com,Non-binary,8312789.2
MC76 2838 6379 26VJ GRBC QIGU S30,Tory,Vankov,tvankovhk@elpais.com,Female,1368240.68
SM70 L477 0410 882D 11IF FMH6 E14,Redd,Beharrell,rbeharrellhl@1und1.de,Male,5566489.79
HU54 5289 5933 7257 6248 4525 3928,Celka,O'Dowgaine,codowgainehm@cyberchimps.com,Female,6417751.38
LV80 GSPG RGOJ OE2R R1ZU B,Chaim,Tawn,ctawnhn@latimes.com,Male,4403843.3
KZ02 519F MGJ7 OBPO FYZM,Conny,Middell,cmiddellho@arizona.edu,Male,7172569.48
IS18 6802 7061 9824 7434 4334 17,Billye,MacCoughen,bmaccoughenhp@symantec.com,Female,9465319.47
CZ79 7379 7200 3490 3202 7252,Sutherlan,Jurs,sjurshq@census.gov,Male,4362423.11
FR84 0365 1855 85BN RA2N 2ZUL Y19,Lucie,Comport,lcomporthr@yolasite.com,Female,3709442.27
GB47 ZUEF 1437 4791 0969 15,Fleurette,Alldre,falldrehs@princeton.edu,Female,7069294.18
FR60 8232 6702 36VA VZ2L F9OR 719,Salem,Bosley,sbosleyht@joomla.org,Male,7317805.26
AT38 7184 0487 4028 7934,Anne,Dispencer,adispencerhu@businesswire.com,Female,6377165.86
MT89 JZKS 8294 5YWK F3LB YTOY 4OC4 2U2,Gerrie,Bilsland,gbilslandhv@dagondesign.com,Male,8271854.35
FR58 0587 1029 8549 PK9J FBA8 Q61,Barth,De Bischop,bdebischophw@discuz.net,Male,7298226.23
MU91 CBYV 3092 8391 3457 9551 628T QX,Yorgos,Troutbeck,ytroutbeckhx@dagondesign.com,Male,8832.15
IE73 EKFE 0375 3051 6790 95,Winnie,Ribbon,wribbonhy@themeforest.net,Male,4291580.75
MR27 4365 2153 0860 4702 6063 103,Lydie,Jankovsky,ljankovskyhz@godaddy.com,Female,5799358.13
GR43 5250 781X AG6Y HAMR V35M 6T8,Armstrong,Core,acorei0@deviantart.com,Male,8163248.5
GL07 8155 2133 6321 70,Brigitta,Phetteplace,bphetteplacei1@latimes.com,Female,6017989.93
GL06 2284 6149 7743 81,Isidora,Stanex,istanexi2@yolasite.com,Female,1481036.13
FR52 8005 1993 28WH SLEJ Q9NR Q51,Loise,Frampton,lframptoni3@nbcnews.com,Female,5530916.36
MR21 2055 0495 4002 7802 3576 344,Jessie,Storton,jstortoni4@wp.com,Male,356001.42
BR32 9447 1379 6462 1759 3636 950I J,Balduin,Rowlinson,browlinsoni5@elegantthemes.com,Male,7484293.86
SK28 9385 2425 7726 4849 5812,Noemi,Neve,nnevei6@usatoday.com,Female,4753812.41
ME88 8675 6613 5075 7148 08,Kriste,Longford,klongfordi7@networkadvertising.org,Female,5958076.38
CH39 6590 336B F7QO 6GVJ V,Gamaliel,Kilbee,gkilbeei8@cdbaby.com,Male,6572062.84
MT31 EVLV 0001 9RAF ZCQO CFOT JSGO 8UH,Anette,Elwyn,aelwyni9@yale.edu,Female,8254952.61
DO40 KOOX 2286 5433 2711 8950 2601,Betti,Goffe,bgoffeia@miibeian.gov.cn,Female,2134220.07
NO40 4747 2528 857,Emanuele,Lidgett,elidgettib@admin.ch,Male,9490430.2
FO18 9883 6874 5156 14,Carrissa,Shearstone,cshearstoneic@craigslist.org,Female,5842352.85
BG46 XZIZ 1609 18MM U5DI XR,Michelle,Keitley,mkeitleyid@nature.com,Female,2015855.09
MK18 373D 19G6 OQKT R19,Bradley,Jiras,bjirasie@bing.com,Male,545825.7
PT25 3567 5154 5551 2077 3205 2,Binnie,Trime,btrimeif@npr.org,Female,87350.52
AD10 5552 2255 SFNK 3DJB MYOO,Melosa,Nellies,mnelliesig@biblegateway.com,Female,6428893.59
PL77 4805 0636 9397 1596 5989 4032,Nealson,Axelbee,naxelbeeih@free.fr,Male,7621978.59
LB93 3889 SDTG G1QK KAWJ FQJ6 YKYM,Kenon,Botly,kbotlyii@xrea.com,Male,2098395.91
TN66 6952 8542 2378 5042 3152,Emlynne,Lowfill,elowfillij@eepurl.com,Female,563256.78
CR67 5879 3969 8204 1614 1,Tammy,Bauser,tbauserik@ezinearticles.com,Male,3978559.23
MU54 XQCW 8668 6921 1180 2310 102M YC,Gaspard,Maletratt,gmaletrattil@illinois.edu,Non-binary,9916673.2
PL59 8325 0762 7495 5629 4095 4916,Layla,Freestone,lfreestoneim@businessweek.com,Female,6604785.3
FR56 3031 5526 3482 8PP8 YT0J 054,Bryan,Gadsden,bgadsdenin@comcast.net,Male,6469354.09
IL28 2994 6409 3124 1331 445,Stanley,Craigmyle,scraigmyleio@indiegogo.com,Non-binary,4756977.02
PS05 CPUM UI6T 4QAM LRWO GDFZ 8JGC A,Wanids,Winchurst,wwinchurstip@scientificamerican.com,Female,7536258.06
IT02 V895 3277 623S 1JIT AVW3 41J,Chrystal,Kopec,ckopeciq@1und1.de,Female,7707835.75
KZ67 540T CO3V PLS2 FWBX,Lorrayne,Kinman,lkinmanir@addtoany.com,Female,4614289.37
AD13 4419 3918 7BCL J31L RMVV,Ottilie,Crutcher,ocrutcheris@flavors.me,Female,9473906.42
SE07 1221 9038 0108 7618 2825,Everett,Wodeland,ewodelandit@artisteer.com,Male,1563188.8
NO27 5574 7639 637,Moira,Iacovuzzi,miacovuzziiu@msn.com,Non-binary,2180297.35
KZ12 296F BVAV M4PU UYAR,Ephraim,Golde,egoldeiv@wix.com,Male,2708074.94
GL95 8139 9396 1316 59,Travers,Rix,trixiw@nps.gov,Male,988181.2
LV40 CTNC YAYL GFUF IZTM P,Klarika,Bowerbank,kbowerbankix@shinystat.com,Female,3275448.85
DE29 5053 6862 5931 0267 83,Petronilla,Yeend,pyeendiy@usnews.com,Female,5330799.1
AT29 6975 8656 5011 7901,Tymothy,Carradice,tcarradiceiz@whitehouse.gov,Male,9818446.16
LT19 9789 4493 0366 6957,Pepe,Cappineer,pcappineerj0@imdb.com,Male,8007647.3
BR21 8058 6800 3803 5219 6564 202R S,Modesta,Trewinnard,mtrewinnardj1@irs.gov,Female,5364559.56
DK87 7774 1872 8747 51,Pascale,Fernandes,pfernandesj2@paginegialle.it,Male,8786905.18
DE45 1815 2643 0687 7351 90,Rori,Stolze,rstolzej3@wsj.com,Female,4132507.14
FR09 1160 2648 78RR EQRH LSAQ D50,Dagny,Beecham,dbeechamj4@amazon.de,Male,2462752.94
BG48 KGNL 7844 78UZ BT31 PE,Helenelizabeth,O'Hartigan,hohartiganj5@samsung.com,Female,6881650.96
TN36 6780 7264 0765 0613 0159,Ira,Giacoboni,igiacobonij6@buzzfeed.com,Female,171146.49
FR24 5684 6759 88OY IGDR EMDI E96,Rayna,Simcox,rsimcoxj7@netlog.com,Female,8831296.02
FR11 9575 2392 41WG ORTV IJYS Z92,Betteann,Cudd,bcuddj8@clickbank.net,Female,5495611.55
TR24 8725 037U RPR6 5RO2 A30D OR,Renae,Risborough,rrisboroughj9@goo.gl,Female,4519591.06
NO82 6336 1267 199,Vally,Ort,vortja@reuters.com,Female,9254704.78
AD82 1501 9377 4ZRG 7YHP EVDY,Fanchon,Smullen,fsmullenjb@woothemes.com,Non-binary,708731.03
FR06 9167 5286 44PZ LXXW VNXX T98,Wyndham,Lages,wlagesjc@ft.com,Male,6564198.28
RO26 KWIF E06D MJJR 6L5P JX7R,Alasteir,O'Loinn,aoloinnjd@blogs.com,Male,75914.47
PL04 7882 1290 2740 3594 7711 8890,Idalia,Menault,imenaultje@answers.com,Non-binary,2523488.69
FO43 4519 8473 4626 45,Teodoor,Sholem,tsholemjf@biglobe.ne.jp,Male,2424989.07
PL21 6215 8783 0474 5368 9569 9406,Shawn,Storks,sstorksjg@wunderground.com,Male,9947314.43
LV42 DPXU I9NL VFV7 OKJU J,Louis,Harbert,lharbertjh@posterous.com,Male,6130193.09
AZ40 GXBD U6J3 USAG UEFJ YVIE ILOR,Willey,Thecham,wthechamji@marketwatch.com,Male,3079116.96
FR18 9492 9175 63Q4 LFPZ GOYU G77,Doyle,Caron,dcaronjj@123-reg.co.uk,Male,6884439.96
MC70 8556 9578 845V QCF9 TODQ W77,Danella,Ridde,driddejk@homestead.com,Female,9226640.68
FR17 8432 4509 65M7 NFLK EOE9 U07,Karalynn,Pfertner,kpfertnerjl@comcast.net,Female,8854326.28
AE03 9361 0213 5504 1355 867,Beverlee,Meneyer,bmeneyerjm@princeton.edu,Female,6431364.74
SE24 2774 4156 4399 0040 5018,Merv,Eilhart,meilhartjn@pinterest.com,Male,8146257.0
SA65 81X8 XI8M GPHB PDUH GRU6,Sloane,Bree,sbreejo@globo.com,Male,1075008.95
BA27 1219 8304 4099 5170,Valdemar,Dinnies,vdinniesjp@npr.org,Male,9786473.47
IE68 INTK 0701 4401 5239 42,Ellerey,Reeman,ereemanjq@ow.ly,Male,172248.27
IT75 V525 3399 653W USCL HEEU MMC,Andy,Gasker,agaskerjr@instagram.com,Male,1444705.87
ME82 5847 1795 5753 4514 94,Maurise,Knappe,mknappejs@prweb.com,Female,3944723.09
LV92 IDCM GUGN QO3M LIDN N,Leroi,Aughtie,laughtiejt@blogtalkradio.com,Male,2368584.67
SA31 87EU I4AY POCN N3DP 4UVT,Laurice,Levane,llevaneju@prweb.com,Non-binary,151314.92
DE97 7216 4691 7224 3263 50,Shoshana,Wilcot,swilcotjv@github.io,Non-binary,2938614.73
AL33 8989 0482 CKB3 CBBV DGBJ BR9J,Avictor,MacKellar,amackellarjw@merriam-webster.com,Non-binary,6140883.9
AZ86 WREL 3BQC 8BZR WE6S O9SG MCOB,Kort,Porrett,kporrettjx@blogger.com,Non-binary,1248321.66
CY32 8677 4056 ZZSG B0CQ TSVT D306,Wilmar,Gero,wgerojy@wp.com,Male,2516374.75
DE42 4848 9201 9484 2978 07,Roland,Farron,rfarronjz@wisc.edu,Male,8997506.06
HR46 9849 5442 0872 1713 1,Ema,Nannizzi,enannizzik0@cdbaby.com,Female,9940830.01
TN13 8054 5240 7762 0423 8795,Lisette,Whichelow,lwhichelowk1@xrea.com,Female,5947780.93
FR66 6091 2634 04KN QQAG 4ZEY P08,Amara,Callear,acalleark2@netvibes.com,Female,5544889.96
ME98 0905 5049 9057 9497 69,Hersh,Elgram,helgramk3@ucla.edu,Male,7716275.99
FR20 6804 3917 99GF NROU RQBQ R72,Arnaldo,Upchurch,aupchurchk4@blinklist.com,Male,2386982.45
FR61 4881 5902 97GT HTS2 0QLF C43,Philly,Akid,pakidk5@g.co,Female,7106974.6
BR03 1958 4749 9437 9527 4714 282H W,Vivien,Watsham,vwatshamk6@wiley.com,Non-binary,9472021.39
NO85 1166 2669 835,Lurette,Davall,ldavallk7@jalbum.net,Female,4887034.62
RO82 VCVR MWED CEZV BW2P VFSB,Gil,Cotillard,gcotillardk8@icq.com,Non-binary,7400676.29
IT77 F799 6974 101U YESW T9EY TNX,Cyrill,Niccolls,cniccollsk9@cisco.com,Male,8881921.05
LU08 042L ITQ6 QWLV 27BK,Fallon,Swaine,fswaineka@clickbank.net,Female,2771379.92
FI16 2501 9093 2742 88,Merrick,Shackesby,mshackesbykb@bigcartel.com,Non-binary,994836.69
IS21 4347 5624 8269 0919 5733 01,Sharline,McAllen,smcallenkc@cisco.com,Female,5711.09
LB68 0547 PUFZ VKVI KW42 EXD5 PMD7,Ozzy,Verecker,overeckerkd@aboutads.info,Male,3611142.39
GI39 OXVR GCAU RX2Q RD9Q BSH,Almeda,Yukhnev,ayukhnevke@php.net,Female,4231653.98
MU24 RHYA 0821 4770 6186 2400 415C NM,Hansiain,Tolmie,htolmiekf@wp.com,Male,4345135.74
AE29 2235 1325 4304 4101 931,Consuela,O'Crigan,cocrigankg@pinterest.com,Female,7626197.6
PL55 1420 3362 9528 6470 0271 0844,Robbin,Christene,rchristenekh@desdev.cn,Non-binary,3198400.43
SA91 20PJ BOOB Y2FG 7OFE NBL2,Zak,Tattershall,ztattershallki@imdb.com,Male,7756755.0
MC56 3758 1185 68E7 7R0C GBBM R83,Angelle,Pietsma,apietsmakj@twitpic.com,Female,1113439.45
MD42 BKW7 9SAP FILP W48N 6NCW,Staford,Gaskoin,sgaskoinkk@mit.edu,Male,3212338.78
SA70 21GD EO3A LRZB 38LL ZOTJ,Branden,Matyatin,bmatyatinkl@blogspot.com,Male,660396.88
BE88 3122 1437 3039,Arnaldo,Evequot,aevequotkm@nhs.uk,Male,9590353.35
AL34 9876 6042 BSWO T082 ZFXQ EOAV,Bordie,Gluyus,bgluyuskn@youtube.com,Male,2252708.07
AD32 0820 7353 VMTF 6DV9 XM4C,Ania,Lightewood,alightewoodko@bluehost.com,Female,9232196.92
DO81 NQK3 6737 7286 4607 7790 4346,Bianca,Hilling,bhillingkp@china.com.cn,Female,5448722.94
FR73 5043 6075 60HO SKYB DLEP B70,Kienan,Grigaut,kgrigautkq@rakuten.co.jp,Male,1335467.66
BR96 4523 3871 4101 0531 6399 744J G,Calvin,Odby,codbykr@youtu.be,Male,8704685.02
VG30 IOFJ 7407 8919 7345 1258,Allistir,Ottewill,aottewillks@drupal.org,Male,2633699.39
RS04 8893 3696 3895 9206 73,Ginny,Cahalin,gcahalinkt@businessinsider.com,Female,3745711.05
LV94 CQCG WGR3 6HID 2ELH I,Gabie,Wattam,gwattamku@t-online.de,Female,5539469.57
SE79 4315 5855 8313 7930 0808,Bobette,Guiton,bguitonkv@qq.com,Non-binary,5245836.31
AE59 6238 4501 8757 2041 235,Norina,Brockelsby,nbrockelsbykw@webs.com,Female,3176103.3
IE83 FHVJ 4978 8039 1838 66,Pedro,Revie,previekx@wikipedia.org,Male,1812751.28
BR87 6778 3089 7180 7737 5985 849Y Y,Terrill,Senecaut,tsenecautky@dailymotion.com,Male,7036368.65
AZ64 FMBD O5BT BWZI PFNS OUBH 55OH,Yorke,Brookzie,ybrookziekz@jalbum.net,Male,1074915.75
FR66 1526 7697 489P A6LU TQPL I48,Amalea,Vaughten,avaughtenl0@cbsnews.com,Female,1991465.63
LT73 6701 3014 1283 3435,Timmi,De Dei,tdedeil1@skype.com,Non-binary,5793675.89
FR81 9398 6893 62WC 5TJ2 JORQ U03,Sergeant,Dubbin,sdubbinl2@furl.net,Male,3301110.31
GL72 8954 8496 8187 18,Morly,Pes,mpesl3@mapquest.com,Male,792488.54
FR82 6834 1577 66UN JKQZ L40J C70,Peria,Allchin,pallchinl4@vistaprint.com,Female,8784205.82
FR40 7919 2580 66Y0 JEVO MZ7L P02,Bard,Bungey,bbungeyl5@lycos.com,Non-binary,8278920.36
TR77 9060 8GFG UC0M POVD PT52 BI,Thibaut,Senten,tsentenl6@loc.gov,Male,761167.16
BR65 8551 0786 9622 4734 1523 034R K,Humfrid,Kiggel,hkiggell7@home.pl,Male,1747714.65
CY43 1513 5457 3TXT YXG1 SABK OKJG,Jacobo,Pauel,jpauell8@imgur.com,Male,1978710.79
DK79 0986 7214 2661 27,Allissa,Elnough,aelnoughl9@unc.edu,Female,2316174.06
MT69 SETL 3326 0RPG BMTM 1YRS JJOO IUK,Jerrold,Pencot,jpencotla@stanford.edu,Male,3956886.15
TR69 7239 9Z6O 5JDA FVCF QWUD 9R,Brandy,Greatex,bgreatexlb@sciencedirect.com,Male,6599655.62
MC74 7004 7915 88VN SIUL WHHU L67,Alessandra,Ast,aastlc@mtv.com,Female,5212688.86
FR90 7344 2314 78TQ YVQ4 ECRX T89,Bertrand,Angrove,bangroveld@accuweather.com,Male,3205122.52
GL20 5888 5164 3444 77,Larissa,Franciotti,lfranciottile@soup.io,Female,6381687.51
KW07 CEFE GATX R5IV JPEO AVZD QEAG MF,Merv,Ierland,mierlandlf@cloudflare.com,Non-binary,9013284.89
FR71 6681 2743 36RZ 5QW1 YLJC 549,Anne-corinne,De Pietri,adepietrilg@linkedin.com,Female,7702943.58
DO68 WOIY 1572 9648 7483 8891 0279,Casey,Ruthven,cruthvenlh@usa.gov,Male,3102178.95
CH73 2998 1NEL S6YV 4UYF X,Robinet,Grassi,rgrassili@europa.eu,Female,295818.2
FR06 2077 3783 98U9 BDJ8 PPDI U10,Whitney,Whanstall,wwhanstalllj@canalblog.com,Female,7437198.71
GL93 3874 0696 2213 36,Portie,Patey,ppateylk@usa.gov,Male,47020.67
FR17 8891 4331 34JW T1VC 5W8W X21,Klarika,Pluvier,kpluvierll@nhs.uk,Female,4852686.75
IL30 9738 8996 0008 6862 290,Bobby,Matura,bmaturalm@pagesperso-orange.fr,Male,8293175.93
FR09 7804 1779 503I YLRM 0LMK F74,Barry,Tamblingson,btamblingsonln@weibo.com,Male,924377.79
MU04 GVRQ 5283 4044 4847 8135 348R MV,Tawsha,Janiak,tjaniaklo@businesswire.com,Female,7556120.74
MD20 PPJF FCGP NIB3 OGAO NZQR,Les,Russe,lrusselp@ustream.tv,Non-binary,9049904.71
BG27 NVGA 8299 79JZ 9ZSV 65,Norri,Linck,nlincklq@msu.edu,Female,3228151.19
BH02 BZVQ UDWI LHXZ 5WZE 0I,Jacquie,Gueny,jguenylr@comsenz.com,Non-binary,386022.6
SK53 6683 0139 5367 4329 0370,Henrie,Dyshart,hdyshartls@ebay.co.uk,Female,5582083.16
GB30 HFZI 1704 4920 4131 95,Tedda,Hay,thaylt@zdnet.com,Female,8916819.05
IT09 O826 9933 319N HC57 IGEL VAQ,Elianora,Checklin,echecklinlu@arstechnica.com,Female,3304938.2
FR23 0078 4612 312A QKQK ROXT B21,Annabell,Goodie,agoodielv@pbs.org,Female,9655673.14
LI15 8108 5NAC MECL N5HA F,Gennie,Kobiera,gkobieralw@seattletimes.com,Female,5907457.95
RO42 AREC 0CG8 UNOR M41U INUS,Madge,Sealy,msealylx@topsy.com,Female,521333.55
KW39 ACPC EWDF YPZ9 LGNQ UDEE HA7R HZ,Fons,Brozek,fbrozekly@hexun.com,Male,3940914.92
PK38 GKKJ DT5H JWVP 3WFZ FF38,Viola,Wogan,vwoganlz@51.la,Female,78659.09
VG22 SGIA 6716 4332 1679 0502,Marvin,Houlton,mhoultonm0@github.io,Male,2723784.37
AD90 7827 6049 QR8N 8A0U 8KXN,Berny,Dinnage,bdinnagem1@discovery.com,Male,4516361.47
BG96 QYPL 8987 95TI BCUD 4N,Welby,Sherland,wsherlandm2@disqus.com,Male,4037303.2
AZ31 UFDA B4LA 5IV0 WSVV 1V2Z I7LE,Serene,Delamar,sdelamarm3@sourceforge.net,Female,8050195.03
FR25 3015 5479 79OX CGGN KSZ0 Q33,Rozalin,Files,rfilesm4@flavors.me,Female,3011317.65
FR37 7723 2491 91FU 8VYL ZWPB E60,Myra,Ludy,mludym5@qq.com,Female,1366418.7
IT84 P321 4624 8040 DNOW L9YW KVD,Lita,Blennerhassett,lblennerhassettm6@virginia.edu,Female,9813147.86
MR98 2959 2155 6378 2243 5705 805,Katha,Whitland,kwhitlandm7@webmd.com,Non-binary,160306.97
PK81 PIKK 259I TW0M 5UKF EAHI,Joyan,Vanetti,jvanettim8@tmall.com,Female,4299487.82
FR65 2464 4540 68TQ BDCF 4LOW I23,Pavia,O'Day,podaym9@nydailynews.com,Non-binary,9800177.52
BA06 9141 5848 2693 5532,Haskell,Joincey,hjoinceyma@toplist.cz,Male,8840927.1
GE53 US81 7559 5566 8317 16,Jerald,Tagg,jtaggmb@tinypic.com,Male,4072802.83
GI70 OSZU EWIB FFJB O8HJ XQQ,Darren,Stuttman,dstuttmanmc@angelfire.com,Male,9912497.82
FR20 2975 7633 77ZR BVRG HRRL S75,Lukas,Johansen,ljohansenmd@miitbeian.gov.cn,Male,2839736.73
BA72 4391 8942 6695 1869,Pablo,Beswetherick,pbeswetherickme@purevolume.com,Male,5209798.5
FR20 9818 4065 52XF ZNHM MZVP C74,Karoly,Clemas,kclemasmf@reference.com,Male,7528872.09
PS27 BWXK Z1SV RYHE 6J5Y NG7E VXUI W,Alexis,Fairfoul,afairfoulmg@photobucket.com,Male,6067764.24
NL60 AIXW 4822 3050 98,Brandy,Winning,bwinningmh@dagondesign.com,Male,6699280.57
NO63 3129 3211 392,Rhianon,Mougenel,rmougenelmi@people.com.cn,Female,3921856.01
HR38 8794 8376 8051 8855 1,Silas,Strathearn,sstrathearnmj@vistaprint.com,Male,7231348.64
SI52 6886 9826 4271 791,Daven,Duckit,dduckitmk@washington.edu,Non-binary,8509848.5
GB94 UFRF 7414 1276 1583 73,Loretta,Kilborn,lkilbornml@huffingtonpost.com,Female,930488.49
BG45 BJXV 8946 70BG TZP0 DX,Alexi,Danelutti,adaneluttimm@opera.com,Female,6948808.83
RO85 YUKS HXBZ GJP4 GQXX BAYT,Dorrie,Osmond,dosmondmn@bloglovin.com,Female,7390969.25
DO85 ICTP 4940 1264 8020 1866 2978,Alwin,Snipe,asnipemo@netlog.com,Male,7623070.44
FR74 5333 1787 91M1 92LJ YO23 005,Berkley,Carpmile,bcarpmilemp@alexa.com,Male,5816922.36
FR35 4854 9312 20IZ 35KN SSUF K89,Rosana,Maletratt,rmaletrattmq@sourceforge.net,Female,1003395.93
FR41 5927 2602 487A WL08 N2I9 L56,Erasmus,Pluvier,epluviermr@china.com.cn,Male,6424401.52
FR13 1075 9701 079W E4NH YKD9 E56,Costanza,Laddle,claddlems@behance.net,Female,9000663.73
NL86 OCGG 6812 7862 60,Alasteir,Plessing,aplessingmt@hao123.com,Male,3552412.47
DK46 5219 3820 6696 98,Cornelia,Fawks,cfawksmu@scientificamerican.com,Non-binary,9292230.21
CH33 1112 0VO9 0DKL RXPC P,Carlie,Elsdon,celsdonmv@ifeng.com,Female,1606053.12
IL82 5062 0197 2343 6130 008,Abby,Catling,acatlingmw@cnbc.com,Male,5073534.57
LT15 6151 1632 4102 4090,Bev,Behrendsen,bbehrendsenmx@diigo.com,Male,3722157.61
KW09 NGPJ ENYG YCBT SUFU BKJ4 OGS7 MT,Ernie,Fishbourne,efishbournemy@wired.com,Male,7841997.54
GR79 0576 690J TFQE OBYT LOP2 ZG3,Denise,Such,dsuchmz@hugedomains.com,Female,8213295.32
AT05 9576 6259 8215 0827,Keri,Nanelli,knanellin0@wiley.com,Female,1531853.61
DK62 7438 8773 6258 95,Fulvia,Oldnall,foldnalln1@etsy.com,Female,3761748.36
FR49 4530 8470 98UD D5ZS 77WU T08,Lowrance,Graith,lgraithn2@go.com,Male,513942.66
FR27 4721 1673 31V7 HS57 DVXI D09,Caryl,Schnieder,cschniedern3@ihg.com,Male,9594190.16
PL88 6624 1948 7766 3261 5862 7482,Marlon,Corton,mcortonn4@paypal.com,Male,6015022.98
MR47 0661 0045 1371 8986 9361 831,Erskine,Darrel,edarreln5@lulu.com,Male,5160242.81
LU60 637R H43S MWK1 FVCJ,Orsola,Gasticke,ogasticken6@kickstarter.com,Female,4958136.8
FR88 6967 6328 17GF 43NJ CFLL 076,Kathye,Meneur,kmeneurn7@deliciousdays.com,Female,482679.72
GR47 0051 935I 3A3R CH7D 1L3V VPI,Denis,Slowly,dslowlyn8@oracle.com,Male,6595823.26
PK08 WOPN FSUY QYZG V6WT MEEZ,Carissa,Colrein,ccolreinn9@goo.gl,Female,14672.8
PT26 6779 4007 8287 9787 4759 7,Hyacintha,Cogdon,hcogdonna@whitehouse.gov,Female,9115985.02
CH15 4426 8GSW XC8S BS08 T,Cyndia,De Simone,cdesimonenb@nytimes.com,Female,4758730.54
TR02 1808 04P4 HDGH MUME BMAC RL,Berton,Frain,bfrainnc@mit.edu,Male,1517176.15
PK56 MMLA W7SN KDKU PCC3 RZFC,Cad,Abramovic,cabramovicnd@unesco.org,Male,6401487.84
LU91 740V VNUF SR9N KOFK,Bastian,Ker,bkerne@va.gov,Male,7628063.76
HR48 0907 5501 7218 7113 0,Alva,Bassford,abassfordnf@alexa.com,Male,2117390.84
FR65 7087 6221 43SE BTHN JC7O B82,Kassia,Well,kwellng@hubpages.com,Female,166756.33
BG49 TKGY 5289 14BL TNCY 3J,Antonella,Jeandon,ajeandonnh@cmu.edu,Female,618908.02
ME54 2991 0735 3275 1265 35,Cordell,Triplett,ctriplettni@europa.eu,Male,7614166.43
BR62 8643 8405 0573 8949 5764 232T 3,Gerry,Olley,golleynj@intel.com,Female,1228684.65
PK74 ZTNN N1D3 B8BJ DSW1 XM5H,Fons,Tanswell,ftanswellnk@accuweather.com,Non-binary,2293450.4
TN10 7642 8253 0370 4035 7861,Valida,Castille,vcastillenl@nba.com,Female,4846968.03
PT47 9480 4557 0272 7026 8475 4,Boot,Styles,bstylesnm@addtoany.com,Male,6750629.14
IE80 FIZZ 7126 7704 9858 15,Kania,Clinch,kclinchnn@hatena.ne.jp,Female,4195444.02
BE27 0584 7838 6024,Ody,Yusupov,oyusupovno@usnews.com,Male,3589966.3
CR16 3468 9580 0166 2152 4,Gaelan,Truter,gtruternp@blogs.com,Male,7257761.47
GT77 4HCQ YNBL 073J FANL QGSO AF7E,Zane,Cressey,zcresseynq@sbwire.com,Male,9228828.95
FR66 8358 2704 45J5 XK9J ATLL O29,Clyde,Brilleman,cbrillemannr@opera.com,Non-binary,2554835.36
BR55 1005 7699 9270 5953 9722 148G M,Gerianne,Glinde,gglindens@usatoday.com,Female,6011657.05
PT94 1855 2842 4183 8303 2828 9,Thaine,Lewcock,tlewcocknt@wunderground.com,Male,6329763.41
AL54 0004 3356 2KWJ DWO1 9U8J VCK4,Eartha,Buttrey,ebuttreynu@apache.org,Non-binary,2515649.19
SM24 M091 3616 152V ZAVM EPAH SD2,Charmian,Parlour,cparlournv@zimbio.com,Female,9033216.56
FR49 1820 2513 92YE ZEJH 2NTU 055,Durant,Jentle,djentlenw@reference.com,Male,7870487.67
KW61 CIBE UWUJ 0K9R C8AL DIS7 W6Z1 XK,Pennie,Phythean,pphytheannx@sun.com,Male,1294437.97
FR14 6419 8003 23AU GDRV QSOS E06,Nerita,Greene,ngreeneny@usnews.com,Female,4249264.13
MC68 8108 5316 86FK PNZS KYXM N22,Filberto,Sackey,fsackeynz@virginia.edu,Male,5466225.83
AT86 8655 7743 0902 5291,Beau,Melross,bmelrosso0@yandex.ru,Male,6604332.19
BR27 0882 3702 8370 6831 6076 844H P,Simonne,Eke,sekeo1@google.es,Female,164780.44
RO80 CIQJ UTU4 B22K IAFB YSIM,Ashbey,Mitcham,amitchamo2@earthlink.net,Male,9868435.59
FR95 5594 9636 21UG PPKM ABR8 G38,Yvette,McTague,ymctagueo3@dyndns.org,Female,4058394.27
CR54 4155 9150 5760 2842 3,Dallis,Franzke,dfranzkeo4@jigsy.com,Male,225447.51
FR22 9034 3684 76RC 70EX RO0N O73,Alvira,Greenacre,agreenacreo5@businessinsider.com,Non-binary,4969574.87
FR23 2010 8494 70QL YDGK YGUF K81,Darren,Ballantyne,dballantyneo6@craigslist.org,Male,6560229.12
FR60 2639 3693 89QR 4IKT XM0K M25,Clemens,Vesty,cvestyo7@biglobe.ne.jp,Male,2037141.28
FR06 4045 6391 77QJ M5MG JGCF 279,Corinne,Lynock,clynocko8@nymag.com,Female,9511062.72
FR18 5716 0707 80NV WMDD WL7Q Y16,Kerri,Andrag,kandrago9@naver.com,Female,3814559.3
IL29 8490 7660 9111 5539 382,Guntar,Cocker,gcockeroa@canalblog.com,Male,2157010.39
IL53 9190 8793 3027 0480 274,Geno,Iannetti,giannettiob@vimeo.com,Male,5685427.34
RS06 8062 5793 5272 3191 84,Paulie,Miners,pminersoc@irs.gov,Non-binary,2040995.66
GR30 1181 496K YAPN ZNWD P5QK K6B,Mohammed,Covendon,mcovendonod@disqus.com,Male,494321.63
SI14 1366 7073 1695 236,Jessamine,Benini,jbeninioe@google.co.uk,Female,1773992.64
TR56 0607 1OAQ ZFVR UJFR EFGO LK,Sibyl,Fountian,sfountianof@illinois.edu,Female,7233560.41
FR03 3527 1940 51LE BD8J SUKE A16,Mariann,Dainton,mdaintonog@creativecommons.org,Female,6899061.37
EE50 0247 6121 7857 8057,Arron,Jakubczyk,ajakubczykoh@flavors.me,Male,1264186.01
FR88 2028 5825 73TX 77DG IWIL E82,Olimpia,Lowfill,olowfilloi@disqus.com,Female,5520798.29
LB46 1400 RR0I S2GR VWEO J4SW 6ERY,Loraine,Binton,lbintonoj@hexun.com,Non-binary,7940443.96
VG74 TOHP 6361 6971 6598 9551,Emmalynne,Dillinton,edillintonok@mysql.com,Female,706754.04
RO42 DJKX Q6ZQ L5CX A9JN DEK0,Andria,Musker,amuskerol@github.com,Non-binary,5003641.59
PK46 HIBT TOZ7 WKRE 5ENW WQHE,Moina,Pietruszka,mpietruszkaom@jalbum.net,Female,3009429.82
CR49 0335 2678 1648 8773 3,Bernard,Edleston,bedlestonon@unc.edu,Male,8796369.73
MT51 FKMS 5441 4XTY JERE PQJJ J5ST D9B,Dallas,Grinham,dgrinhamoo@wikispaces.com,Female,1714922.1
BG41 YROK 0650 79X3 2OXW Z9,Rosabelle,Keenlayside,rkeenlaysideop@zdnet.com,Female,8661359.55
MU94 WBPR 8802 5092 9208 6608 021G BU,Dulcinea,Lamasna,dlamasnaoq@whitehouse.gov,Female,3454072.85
BH71 YJUB LVF0 JRQM LAVL Q9,Lola,Jerams,ljeramsor@upenn.edu,Female,2543393.29
FR40 3370 0612 03GX W0LL L9SI K60,Florie,Govan,fgovanos@apache.org,Female,5156394.85
GI72 YFPH LSHI 0TZA T3FX DC3,Tilly,Yanshin,tyanshinot@parallels.com,Female,1783965.75
LT66 5047 9406 6185 3571,Tedman,Danaher,tdanaherou@youtube.com,Male,9840116.5
HR05 6738 9125 1545 8690 4,Spence,Glencrash,sglencrashov@amazon.com,Male,4613562.13
FR91 6622 2783 537H BZI0 5D1E S04,Shermie,Piscopiello,spiscopielloow@phpbb.com,Male,7373553.8
BA32 0768 7194 8366 5708,Alica,De Bell,adebellox@prweb.com,Female,2032425.48
MR61 2680 1234 6629 3379 2422 067,Arliene,Sellman,asellmanoy@biglobe.ne.jp,Female,3021476.83
AL44 2008 6626 LB7F 9FUU 4MNW UVJL,Corney,Kardos,ckardosoz@themeforest.net,Male,7198642.98
KZ62 7839 BXWX H9AT FE76,Anson,O'Henery,aoheneryp0@woothemes.com,Non-binary,7325220.88
GL47 5025 5146 2361 23,Gwenneth,Callum,gcallump1@free.fr,Female,7990956.66
RS98 5458 6926 1504 9769 62,Letta,Prince,lprincep2@creativecommons.org,Female,3842687.2
GT37 XWLX 73AS 6CLE GJ8E 9X3I 7AUO,Datha,Ridoutt,dridouttp3@ezinearticles.com,Female,2580774.14
PL55 7787 3923 3520 6659 5614 7353,Bree,Commander,bcommanderp4@uiuc.edu,Female,9608337.19
CY43 4262 1190 JGQO TKQD WWBK AQJ4,Deeanne,Oley,doleyp5@bbc.co.uk,Female,5312088.96
FO28 9896 4039 8481 98,Noni,Lanmeid,nlanmeidp6@examiner.com,Non-binary,1711612.76
RO81 PRMA MNVT KRWG 3IZH HIN7,Lincoln,Emberton,lembertonp7@washington.edu,Male,9835851.88
PS49 ELJW KFEL T8OR VM65 R1GT LUQH 4,Roxy,Ferrieri,rferrierip8@bandcamp.com,Female,3457433.39
PS25 BEMA IIFJ IQD5 HUOB KHMS JHIP 4,Tucky,Zwicker,tzwickerp9@yellowbook.com,Male,1402814.54
HR80 3917 0878 6040 1448 4,Leonard,Winslet,lwinsletpa@google.nl,Non-binary,2547014.92
ES96 3861 3437 0221 9357 9717,Uri,Leebetter,uleebetterpb@youku.com,Male,8806168.41
FR52 6783 7255 65WQ EZUM L8ML W68,Dru,Trevaskiss,dtrevaskisspc@soundcloud.com,Female,7711909.73
ES37 7145 7420 9365 5175 5460,Jacklyn,Stryde,jstrydepd@patch.com,Female,6671035.34
TR21 3356 5ZLN AULO X04A FWUN WS,Bartholomeus,Ranby,branbype@4shared.com,Male,2740283.82
CY59 3557 4666 3A7L TWRM FSGR IUZF,Balduin,Brute,bbrutepf@tuttocitta.it,Non-binary,7671149.37
GR30 1465 1036 MXGI RMML 7WFN NZU,Hugues,Flaherty,hflahertypg@phpbb.com,Male,59555.18
LT05 1767 1981 8428 3104,Tresa,Bowmen,tbowmenph@huffingtonpost.com,Female,3168481.45
IT05 C627 1354 373M TSKL NJZG UTK,Dede,Dumbrill,ddumbrillpi@yahoo.co.jp,Female,3572033.22
CR66 8526 3615 2989 9700 0,Mose,Barkworth,mbarkworthpj@shutterfly.com,Male,8243424.79
IL55 6748 0260 2863 5745 808,Horatia,Veeler,hveelerpk@narod.ru,Female,1392581.53
GB47 ZNPD 3951 1723 0988 07,Fredrika,Juschke,fjuschkepl@hexun.com,Female,6734543.17
VG80 KOXV 9461 5439 7627 6309,Temple,Keerl,tkeerlpm@creativecommons.org,Male,2349770.96
FR74 9201 9879 85RP YIWS PAXK Z21,Marlin,Everard,meverardpn@princeton.edu,Male,975363.88
GT61 GWZ0 OGSG V6PQ IQRT H7KT SZ5G,Tommie,Garden,tgardenpo@nhs.uk,Male,3033960.54
FI82 8490 2452 1014 25,Clyde,Tribbeck,ctribbeckpp@51.la,Male,6354107.27
FR21 9604 0176 90F0 1TRA EVH5 886,Karel,Myrtle,kmyrtlepq@geocities.jp,Male,1197784.89
GR67 1586 796Y COZE DJN7 JSAD QFD,Nevil,Corser,ncorserpr@oaic.gov.au,Male,6871881.5
AD32 0146 0332 PMTV 1JJI 15XN,Denys,Castelain,dcastelainps@facebook.com,Female,8320589.65
DK52 8621 0538 9437 13,Inez,Gaisford,igaisfordpt@addthis.com,Female,4400077.77
RS14 1277 8315 8568 0122 12,Vanya,Rodder,vrodderpu@gmpg.org,Female,141100.78
AL78 2888 4068 C7FD ECQC OBIK JGME,Jenelle,O'Currigan,jocurriganpv@washingtonpost.com,Female,1767436.67
CY58 6308 0310 CFHY 0YP1 J9FE QS3C,Darill,Weeke,dweekepw@themeforest.net,Male,8083732.38
KW83 DMIG QPQB DK6G DZRX NBMD XAFS N5,Scarlett,Kenealy,skenealypx@technorati.com,Female,734472.73
LB37 2786 GQ9M QNLD ZAZV 4ZCV MTFL,Eric,Haccleton,ehaccletonpy@google.co.uk,Non-binary,7295098.15
SE81 5936 7548 8047 6689 1207,Kimberley,McKimmey,kmckimmeypz@com.com,Female,4746017.7
FR07 4939 1966 21AN F5JX JLN3 O30,Zeke,Hargey,zhargeyq0@virginia.edu,Male,8932986.68
CR06 4683 4287 9120 4067 3,Salomone,Chezelle,schezelleq1@cloudflare.com,Male,5918140.46
ES93 1661 9198 9905 2786 0424,Thorny,Webberley,twebberleyq2@live.com,Male,4403143.82
VG50 EZME 9529 3397 3239 0009,Kayla,Chappel,kchappelq3@gmpg.org,Non-binary,6506974.53
FR39 9542 8437 34BP UF1K BO98 K91,Erda,MacGillicuddy,emacgillicuddyq4@slashdot.org,Female,3949636.66
GE63 EE04 6422 4124 2071 90,Monti,Sidlow,msidlowq5@yolasite.com,Male,6829670.1
DK92 9948 5205 3724 00,Larisa,Edrich,ledrichq6@wikipedia.org,Female,3883773.91
DK07 3484 5207 7553 11,Philipa,Sindell,psindellq7@sfgate.com,Female,4895176.5
HU07 7714 5749 6846 6525 4428 3722,Cora,Tuckie,ctuckieq8@tinypic.com,Female,8580178.7
IL46 8304 0951 4877 5413 216,Bradley,Kenson,bkensonq9@deviantart.com,Non-binary,8921529.47
PT65 3145 9844 5040 6365 3439 9,May,Bountiff,mbountiffqa@dmoz.org,Female,702058.3
IL35 0368 5034 4626 1016 486,Brenden,Callander,bcallanderqb@odnoklassniki.ru,Male,7476073.82
SA46 99UE PLRZ 7IML 8KLW QP23,Kirstyn,Shillan,kshillanqc@storify.com,Female,1472197.07
FR74 2416 1650 78DG KHUG SBBF 756,Elsie,Christopherson,echristophersonqd@typepad.com,Female,9099203.04
GR81 9137 533J GWXB GSNR GR0I VAR,Artie,Carr,acarrqe@nature.com,Male,316825.58
RS75 9949 0244 6555 9366 99,Emilio,Pearl,epearlqf@si.edu,Male,1850934.38
ES86 3656 8230 3093 0344 3146,Guenevere,Cestard,gcestardqg@dailymotion.com,Female,4710298.43
SI08 8597 9585 8751 716,Matthieu,Matskevich,mmatskevichqh@gizmodo.com,Male,1521966.04
FR86 9651 9418 700R WS6M 5CEF Z23,Filippa,Burgoin,fburgoinqi@freewebs.com,Female,9735874.6
FR54 8850 4894 38WE 4ZXM Z9LG 639,Scarlett,Nano,snanoqj@house.gov,Female,4946444.99
VG31 BNIH 6306 0950 4879 5114,Audrye,Airton,aairtonqk@arstechnica.com,Non-binary,2177111.56
EE59 1638 7805 5485 6231,Normie,Antram,nantramql@gizmodo.com,Male,5160401.76
FO64 4142 1184 4206 87,Arline,Callaghan,acallaghanqm@is.gd,Female,5509716.76
PS62 NFRQ LQCO YPGJ PZC2 VDJ1 1LMY P,Bidget,Camacke,bcamackeqn@cnbc.com,Female,7275274.46
DK80 3959 8932 4271 26,Hank,O'Cannan,hocannanqo@cyberchimps.com,Male,4012619.41
AL94 5440 1677 78ZG RTYH QV43 RARG,Washington,Findlater,wfindlaterqp@opensource.org,Male,5150398.04
GB45 PAXP 9298 5498 8576 69,Cirstoforo,Domerque,cdomerqueqq@statcounter.com,Male,5210558.12
LV15 UPYR YHE0 229R RDRA R,Brion,Benthall,bbenthallqr@aboutads.info,Male,8493210.67
FR95 7676 7342 05ZF OLMH MKAR O41,Felicdad,Han,fhanqs@weibo.com,Female,7893778.79
TR21 1576 4JJH HSKT SBRR ONZP EV,Nanny,Rudland,nrudlandqt@shinystat.com,Female,842067.26
LB72 1244 BL1T ZVKU XEZR 1RIK 8EDO,Chet,Shortcliffe,cshortcliffequ@tamu.edu,Male,9040770.75
AZ05 ZVBZ EX57 VRUN KUPA TRMG KY3G,Dennie,Gillion,dgillionqv@opensource.org,Male,2810035.38
CH44 7783 2S1V WV9I ZRLU X,Briney,Thiese,bthieseqw@tamu.edu,Female,9532622.79
LI95 6963 4BTS MZDE WNID N,Candi,Shillom,cshillomqx@earthlink.net,Female,7459085.21
PS82 DEME CILV LQ3U LVCQ XSD2 BI2M C,Alice,Swigg,aswiggqy@squarespace.com,Female,4430864.36
BR52 8428 9873 4763 4348 0956 848I D,Dion,Merriton,dmerritonqz@soup.io,Male,3872947.19
MR13 6217 8588 3515 9891 3559 654,Zelma,Sowrah,zsowrahr0@amazonaws.com,Non-binary,1891101.4
CZ11 7622 2088 3498 2374 5651,Bran,Hadlow,bhadlowr1@fc2.com,Male,5793321.5
GT20 BMLX 916G 5GAT SINZ FOKP KIDS,Letitia,Bimrose,lbimroser2@kickstarter.com,Female,7816032.13
FR90 6464 0003 69J6 J8DP OSID K60,Tymon,Elton,teltonr3@reverbnation.com,Male,2380256.25
PS27 LTCR ROSG CMJQ YGAT CECD 0C58 C,Fergus,Kepe,fkeper4@github.io,Male,9591389.26
BH16 AAIA NTHA ZQFI HGQJ 7W,Gerhardine,Giacovetti,ggiacovettir5@wordpress.org,Female,1167398.07
MD04 09HJ PTKX A092 TBK6 9MLP,Sylvan,Oiller,soillerr6@yellowbook.com,Male,2983698.46
FR68 7776 1371 347C 7ODV NPZW E06,Annette,Curedale,acuredaler7@jimdo.com,Female,4490332.34
SM74 F891 9189 523Y IQ3L KPSA OIL,Cecilio,Thrush,cthrushr8@tumblr.com,Male,2955089.87
FR47 5025 1081 72PF OVZK CK5N Q51,Lenee,Friman,lfrimanr9@vinaora.com,Non-binary,614152.89
TR30 2903 8CLX 90CJ 2GAZ LKEL FY,Rodina,MacAlpin,rmacalpinra@ebay.com,Female,5875613.4
BR16 2777 7736 8915 3668 3081 449W R,Nevsa,Banthorpe,nbanthorperb@yahoo.co.jp,Female,8303953.63
SM80 I347 1882 8497 ZXKW HII5 AVK,Ellsworth,Rimington,erimingtonrc@wikispaces.com,Male,5892377.3
ME03 7403 3519 6630 4736 56,Ondrea,Sunman,osunmanrd@shutterfly.com,Non-binary,9312083.87
SK34 7811 3601 5998 6757 3358,Denys,Glassman,dglassmanre@umn.edu,Male,2679093.63
BE33 2369 1507 1924,Sully,Ramsdale,sramsdalerf@washington.edu,Male,9360302.88
GE04 BQ09 4291 1316 8588 74,Misha,Trussman,mtrussmanrg@barnesandnoble.com,Female,2292606.56
PL53 3865 4797 1026 6326 8264 0670,Norry,Ricciardello,nricciardellorh@google.ca,Female,6401880.76
BE79 1668 5249 7030,Ertha,Taylour,etaylourri@biblegateway.com,Female,1951114.0
KW64 PEUW Y18M 4F6K NG9S 9P9R S9G2 JW,Durward,Cerro,dcerrorj@stanford.edu,Male,2558764.06
RS16 7512 9350 8275 7327 86,Heindrick,Burdis,hburdisrk@bloomberg.com,Male,4964929.44
GI88 WBTT QJCZ CHOE PJMX XAQ,Kurtis,Olpin,kolpinrl@soup.io,Male,582682.74
BA58 3029 8049 7297 7641,Odille,O'Spillane,oospillanerm@csmonitor.com,Non-binary,5312480.98
IL46 6952 9592 2504 9889 190,Rachael,Rebichon,rrebichonrn@mediafire.com,Female,2512848.25
AZ71 IMLS KZRB PGHU WZH1 RGFO HEEN,Agathe,Tolputt,atolputtro@toplist.cz,Female,6532055.42
SM21 E345 4719 9564 5CKZ 7QMY 9FB,Carlene,Van Der Hoog,cvanderhoogrp@wikia.com,Female,4414230.91
LI77 3456 2QX8 NE1T FBVH A,Fitz,Simmell,fsimmellrq@imageshack.us,Male,320087.7
FR70 4350 5422 60S1 BSXQ UIUG G19,Ellsworth,Landsman,elandsmanrr@flickr.com,Male,9291920.24
